
*** Running vivado
    with args -log top.vdi -applog -m64 -product Vivado -messageDb vivado.pb -mode batch -source top.tcl -notrace


****** Vivado v2020.2 (64-bit)
  **** SW Build 3064766 on Wed Nov 18 09:12:47 MST 2020
  **** IP Build 3064653 on Wed Nov 18 14:17:31 MST 2020
    ** Copyright 1986-2020 Xilinx, Inc. All Rights Reserved.

source top.tcl -notrace
Command: link_design -top top -part xcu280-fsvh2892-2L-e
Design is defaulting to srcset: sources_1
Design is defaulting to constrset: constrs_1
INFO: [Device 21-403] Loading part xcu280-fsvh2892-2L-e
INFO: [Project 1-454] Reading design checkpoint '/home/gabber/FUDAN/workspace/0803_SBM/new/BBQ_BM/BBQ_BM.gen/sources_1/ip/clk_wiz_0/clk_wiz_0.dcp' for cell 'clk_wiz_inst'
INFO: [Project 1-454] Reading design checkpoint '/home/gabber/FUDAN/workspace/0803_SBM/new/BBQ_BM/BBQ_BM.gen/sources_1/ip/ila_0/ila_0.dcp' for cell 'nolabel_line137'
INFO: [Project 1-454] Reading design checkpoint '/home/gabber/FUDAN/workspace/0803_SBM/new/BBQ_BM/BBQ_BM.gen/sources_1/ip/blk_mem_gen_2/blk_mem_gen_2.dcp' for cell 'bbq_inst/counters_l2'
INFO: [Project 1-454] Reading design checkpoint '/home/gabber/FUDAN/workspace/0803_SBM/new/BBQ_BM/BBQ_BM.gen/sources_1/ip/fifo_generator_0/fifo_generator_0.dcp' for cell 'bbq_inst/free_list'
INFO: [Project 1-454] Reading design checkpoint '/home/gabber/FUDAN/workspace/0803_SBM/new/BBQ_BM/BBQ_BM.gen/sources_1/ip/blk_mem_gen_6/blk_mem_gen_6.dcp' for cell 'bbq_inst/hbm_counters_l2'
INFO: [Project 1-454] Reading design checkpoint '/home/gabber/FUDAN/workspace/0803_SBM/new/BBQ_BM/BBQ_BM.gen/sources_1/ip/hbm_0/hbm_0.dcp' for cell 'bbq_inst/hbm_heap_entries'
INFO: [Project 1-454] Reading design checkpoint '/home/gabber/FUDAN/workspace/0803_SBM/new/BBQ_BM/BBQ_BM.gen/sources_1/ip/blk_mem_gen_4/blk_mem_gen_4.dcp' for cell 'bbq_inst/hbm_next_pointers'
INFO: [Project 1-454] Reading design checkpoint '/home/gabber/FUDAN/workspace/0803_SBM/new/BBQ_BM/BBQ_BM.gen/sources_1/ip/blk_mem_gen_5/blk_mem_gen_5.dcp' for cell 'bbq_inst/hbm_priority_buckets'
INFO: [Project 1-454] Reading design checkpoint '/home/gabber/FUDAN/workspace/0803_SBM/new/BBQ_BM/BBQ_BM.gen/sources_1/ip/blk_mem_gen_0/blk_mem_gen_0.dcp' for cell 'bbq_inst/heap_entries'
INFO: [Project 1-454] Reading design checkpoint '/home/gabber/FUDAN/workspace/0803_SBM/new/BBQ_BM/BBQ_BM.gen/sources_1/ip/ila_1/ila_1.dcp' for cell 'bbq_inst/ila_1'
INFO: [Project 1-454] Reading design checkpoint '/home/gabber/FUDAN/workspace/0803_SBM/new/BBQ_BM/BBQ_BM.gen/sources_1/ip/blk_mem_gen_1/blk_mem_gen_1.dcp' for cell 'bbq_inst/priority_buckets'
Netlist sorting complete. Time (s): cpu = 00:00:00.21 ; elapsed = 00:00:00.22 . Memory (MB): peak = 3142.180 ; gain = 0.000 ; free physical = 25080 ; free virtual = 52923
INFO: [Netlist 29-17] Analyzing 1277 Unisim elements for replacement
INFO: [Netlist 29-28] Unisim Transformation completed in 0 CPU seconds
INFO: [Project 1-479] Netlist was created with Vivado 2020.2
INFO: [Project 1-570] Preparing netlist for logic optimization
WARNING: [Opt 31-32] Removing redundant IBUF since it is not being driven by a top-level port. bbq_inst/hbm_heap_entries/inst/ONE_STACK.u_HBM_REF_CLK_IBUF_0 
Resolution: The tool has removed redundant IBUF. To resolve this warning, check for redundant IBUF in the input design.
WARNING: [Constraints 18-550] Could not create 'IBUF_LOW_PWR' constraint because net 'bbq_inst/hbm_heap_entries/HBM_REF_CLK_0' is not directly connected to top level port. Synthesis is ignored for IBUF_LOW_PWR but preserved for implementation.
INFO: [Chipscope 16-324] Core: bbq_inst/hbm_heap_entries UUID: ff647602-dbd8-518d-8569-308854b08db3 
INFO: [Chipscope 16-324] Core: bbq_inst/ila_1 UUID: 8cfc87b9-62f0-50d3-ba75-0198729f4a9e 
INFO: [Chipscope 16-324] Core: nolabel_line137 UUID: 9761d73b-d397-5eaf-bf79-b143175172a9 
Parsing XDC File [/home/gabber/FUDAN/workspace/0803_SBM/new/BBQ_BM/BBQ_BM.gen/sources_1/ip/hbm_0/hdl/par/hbm_ip.xdc] for cell 'bbq_inst/hbm_heap_entries/inst'
Finished Parsing XDC File [/home/gabber/FUDAN/workspace/0803_SBM/new/BBQ_BM/BBQ_BM.gen/sources_1/ip/hbm_0/hdl/par/hbm_ip.xdc] for cell 'bbq_inst/hbm_heap_entries/inst'
Parsing XDC File [/home/gabber/FUDAN/workspace/0803_SBM/new/BBQ_BM/BBQ_BM.gen/sources_1/ip/fifo_generator_0/fifo_generator_0.xdc] for cell 'bbq_inst/free_list/U0'
Finished Parsing XDC File [/home/gabber/FUDAN/workspace/0803_SBM/new/BBQ_BM/BBQ_BM.gen/sources_1/ip/fifo_generator_0/fifo_generator_0.xdc] for cell 'bbq_inst/free_list/U0'
Parsing XDC File [/home/gabber/FUDAN/workspace/0803_SBM/new/BBQ_BM/BBQ_BM.gen/sources_1/ip/fifo_generator_0/fifo_generator_0.xdc] for cell 'bbq_inst/hbm_free_list/U0'
Finished Parsing XDC File [/home/gabber/FUDAN/workspace/0803_SBM/new/BBQ_BM/BBQ_BM.gen/sources_1/ip/fifo_generator_0/fifo_generator_0.xdc] for cell 'bbq_inst/hbm_free_list/U0'
Parsing XDC File [/home/gabber/FUDAN/workspace/0803_SBM/new/BBQ_BM/BBQ_BM.gen/sources_1/ip/clk_wiz_0/clk_wiz_0_board.xdc] for cell 'clk_wiz_inst/inst'
Finished Parsing XDC File [/home/gabber/FUDAN/workspace/0803_SBM/new/BBQ_BM/BBQ_BM.gen/sources_1/ip/clk_wiz_0/clk_wiz_0_board.xdc] for cell 'clk_wiz_inst/inst'
Parsing XDC File [/home/gabber/FUDAN/workspace/0803_SBM/new/BBQ_BM/BBQ_BM.gen/sources_1/ip/clk_wiz_0/clk_wiz_0.xdc] for cell 'clk_wiz_inst/inst'
INFO: [Timing 38-35] Done setting XDC timing constraints. [/home/gabber/FUDAN/workspace/0803_SBM/new/BBQ_BM/BBQ_BM.gen/sources_1/ip/clk_wiz_0/clk_wiz_0.xdc:57]
INFO: [Timing 38-2] Deriving generated clocks [/home/gabber/FUDAN/workspace/0803_SBM/new/BBQ_BM/BBQ_BM.gen/sources_1/ip/clk_wiz_0/clk_wiz_0.xdc:57]
get_clocks: Time (s): cpu = 00:00:09 ; elapsed = 00:00:05 . Memory (MB): peak = 4064.863 ; gain = 451.133 ; free physical = 24324 ; free virtual = 52168
Finished Parsing XDC File [/home/gabber/FUDAN/workspace/0803_SBM/new/BBQ_BM/BBQ_BM.gen/sources_1/ip/clk_wiz_0/clk_wiz_0.xdc] for cell 'clk_wiz_inst/inst'
Parsing XDC File [/home/gabber/FUDAN/workspace/0803_SBM/new/BBQ_BM/BBQ_BM.gen/sources_1/ip/ila_0/ila_v6_2/constraints/ila_impl.xdc] for cell 'nolabel_line137/inst'
Finished Parsing XDC File [/home/gabber/FUDAN/workspace/0803_SBM/new/BBQ_BM/BBQ_BM.gen/sources_1/ip/ila_0/ila_v6_2/constraints/ila_impl.xdc] for cell 'nolabel_line137/inst'
Parsing XDC File [/home/gabber/FUDAN/workspace/0803_SBM/new/BBQ_BM/BBQ_BM.gen/sources_1/ip/ila_0/ila_v6_2/constraints/ila.xdc] for cell 'nolabel_line137/inst'
Finished Parsing XDC File [/home/gabber/FUDAN/workspace/0803_SBM/new/BBQ_BM/BBQ_BM.gen/sources_1/ip/ila_0/ila_v6_2/constraints/ila.xdc] for cell 'nolabel_line137/inst'
Parsing XDC File [/home/gabber/FUDAN/workspace/0803_SBM/new/BBQ_BM/BBQ_BM.gen/sources_1/ip/ila_1/ila_v6_2/constraints/ila_impl.xdc] for cell 'bbq_inst/ila_1/inst'
Finished Parsing XDC File [/home/gabber/FUDAN/workspace/0803_SBM/new/BBQ_BM/BBQ_BM.gen/sources_1/ip/ila_1/ila_v6_2/constraints/ila_impl.xdc] for cell 'bbq_inst/ila_1/inst'
Parsing XDC File [/home/gabber/FUDAN/workspace/0803_SBM/new/BBQ_BM/BBQ_BM.gen/sources_1/ip/ila_1/ila_v6_2/constraints/ila.xdc] for cell 'bbq_inst/ila_1/inst'
Finished Parsing XDC File [/home/gabber/FUDAN/workspace/0803_SBM/new/BBQ_BM/BBQ_BM.gen/sources_1/ip/ila_1/ila_v6_2/constraints/ila.xdc] for cell 'bbq_inst/ila_1/inst'
Parsing XDC File [/home/gabber/FUDAN/workspace/0803_SBM/new/BBQ_BM/BBQ_BM.srcs/constrs_1/new/top_constrs.xdc]
CRITICAL WARNING: [Constraints 18-1055] Clock 'sys_clk' completely overrides clock 'sys_clk_p', which is referenced by one or more other constraints. Any constraints that refer to the overridden clock will be ignored.
New: create_clock -period 10.000 -name sys_clk [get_ports sys_clk_p], [/home/gabber/FUDAN/workspace/0803_SBM/new/BBQ_BM/BBQ_BM.srcs/constrs_1/new/top_constrs.xdc:8]
Previous: create_clock -period 10.000 [get_ports sys_clk_p], [/home/gabber/FUDAN/workspace/0803_SBM/new/BBQ_BM/BBQ_BM.gen/sources_1/ip/clk_wiz_0/clk_wiz_0.xdc:56]
Resolution: Review the constraint files and remove the redundant clock definition(s). If the clock constraints are not saved in a file, you can first save the constraints to an XDC file and reload the design once the constraints have been corrected.
Finished Parsing XDC File [/home/gabber/FUDAN/workspace/0803_SBM/new/BBQ_BM/BBQ_BM.srcs/constrs_1/new/top_constrs.xdc]
INFO: [Opt 31-138] Pushed 0 inverter(s) to 0 load pin(s).
INFO: [Opt 31-422] The CLOCK_DOMAINS attribute on the BRAM cell bbq_inst/counters_l2/U0/inst_blk_mem_gen/gnbram.gnativebmg.native_blk_mem_gen/valid.cstr/ramloop[0].ram.r/prim_noinit.ram/DEVICE_8SERIES.NO_BMM_INFO.SDP.SIMPLE_PRIM18.ram has been changed from INDEPENDENT to COMMON to match the clocking topology used for the BRAM.
INFO: [Opt 31-422] The CLOCK_DOMAINS attribute on the BRAM cell bbq_inst/hbm_counters_l2/U0/inst_blk_mem_gen/gnbram.gnativebmg.native_blk_mem_gen/valid.cstr/ramloop[0].ram.r/prim_noinit.ram/DEVICE_8SERIES.NO_BMM_INFO.SDP.SIMPLE_PRIM18.ram has been changed from INDEPENDENT to COMMON to match the clocking topology used for the BRAM.
INFO: [Opt 31-422] The CLOCK_DOMAINS attribute on the BRAM cell bbq_inst/hbm_next_pointers/U0/inst_blk_mem_gen/gnbram.gnativebmg.native_blk_mem_gen/valid.cstr/ramloop[0].ram.r/prim_noinit.ram/DEVICE_8SERIES.NO_BMM_INFO.SDP.SIMPLE_PRIM36.ram has been changed from INDEPENDENT to COMMON to match the clocking topology used for the BRAM.
INFO: [Opt 31-422] The CLOCK_DOMAINS attribute on the BRAM cell bbq_inst/hbm_next_pointers/U0/inst_blk_mem_gen/gnbram.gnativebmg.native_blk_mem_gen/valid.cstr/ramloop[10].ram.r/prim_noinit.ram/DEVICE_8SERIES.NO_BMM_INFO.SDP.SIMPLE_PRIM36.ram has been changed from INDEPENDENT to COMMON to match the clocking topology used for the BRAM.
INFO: [Opt 31-422] The CLOCK_DOMAINS attribute on the BRAM cell bbq_inst/hbm_next_pointers/U0/inst_blk_mem_gen/gnbram.gnativebmg.native_blk_mem_gen/valid.cstr/ramloop[11].ram.r/prim_noinit.ram/DEVICE_8SERIES.NO_BMM_INFO.SDP.SIMPLE_PRIM36.ram has been changed from INDEPENDENT to COMMON to match the clocking topology used for the BRAM.
INFO: [Opt 31-422] The CLOCK_DOMAINS attribute on the BRAM cell bbq_inst/hbm_next_pointers/U0/inst_blk_mem_gen/gnbram.gnativebmg.native_blk_mem_gen/valid.cstr/ramloop[12].ram.r/prim_noinit.ram/DEVICE_8SERIES.NO_BMM_INFO.SDP.SIMPLE_PRIM36.ram has been changed from INDEPENDENT to COMMON to match the clocking topology used for the BRAM.
INFO: [Opt 31-422] The CLOCK_DOMAINS attribute on the BRAM cell bbq_inst/hbm_next_pointers/U0/inst_blk_mem_gen/gnbram.gnativebmg.native_blk_mem_gen/valid.cstr/ramloop[13].ram.r/prim_noinit.ram/DEVICE_8SERIES.NO_BMM_INFO.SDP.SIMPLE_PRIM36.ram has been changed from INDEPENDENT to COMMON to match the clocking topology used for the BRAM.
INFO: [Opt 31-422] The CLOCK_DOMAINS attribute on the BRAM cell bbq_inst/hbm_next_pointers/U0/inst_blk_mem_gen/gnbram.gnativebmg.native_blk_mem_gen/valid.cstr/ramloop[14].ram.r/prim_noinit.ram/DEVICE_8SERIES.NO_BMM_INFO.SDP.SIMPLE_PRIM36.ram has been changed from INDEPENDENT to COMMON to match the clocking topology used for the BRAM.
INFO: [Opt 31-422] The CLOCK_DOMAINS attribute on the BRAM cell bbq_inst/hbm_next_pointers/U0/inst_blk_mem_gen/gnbram.gnativebmg.native_blk_mem_gen/valid.cstr/ramloop[15].ram.r/prim_noinit.ram/DEVICE_8SERIES.NO_BMM_INFO.SDP.SIMPLE_PRIM36.ram has been changed from INDEPENDENT to COMMON to match the clocking topology used for the BRAM.
INFO: [Opt 31-422] The CLOCK_DOMAINS attribute on the BRAM cell bbq_inst/hbm_next_pointers/U0/inst_blk_mem_gen/gnbram.gnativebmg.native_blk_mem_gen/valid.cstr/ramloop[16].ram.r/prim_noinit.ram/DEVICE_8SERIES.NO_BMM_INFO.SDP.SIMPLE_PRIM36.ram has been changed from INDEPENDENT to COMMON to match the clocking topology used for the BRAM.
INFO: [Opt 31-422] The CLOCK_DOMAINS attribute on the BRAM cell bbq_inst/hbm_next_pointers/U0/inst_blk_mem_gen/gnbram.gnativebmg.native_blk_mem_gen/valid.cstr/ramloop[17].ram.r/prim_noinit.ram/DEVICE_8SERIES.NO_BMM_INFO.SDP.SIMPLE_PRIM36.ram has been changed from INDEPENDENT to COMMON to match the clocking topology used for the BRAM.
INFO: [Opt 31-422] The CLOCK_DOMAINS attribute on the BRAM cell bbq_inst/hbm_next_pointers/U0/inst_blk_mem_gen/gnbram.gnativebmg.native_blk_mem_gen/valid.cstr/ramloop[18].ram.r/prim_noinit.ram/DEVICE_8SERIES.NO_BMM_INFO.SDP.SIMPLE_PRIM36.ram has been changed from INDEPENDENT to COMMON to match the clocking topology used for the BRAM.
INFO: [Opt 31-422] The CLOCK_DOMAINS attribute on the BRAM cell bbq_inst/hbm_next_pointers/U0/inst_blk_mem_gen/gnbram.gnativebmg.native_blk_mem_gen/valid.cstr/ramloop[19].ram.r/prim_noinit.ram/DEVICE_8SERIES.NO_BMM_INFO.SDP.SIMPLE_PRIM36.ram has been changed from INDEPENDENT to COMMON to match the clocking topology used for the BRAM.
INFO: [Opt 31-422] The CLOCK_DOMAINS attribute on the BRAM cell bbq_inst/hbm_next_pointers/U0/inst_blk_mem_gen/gnbram.gnativebmg.native_blk_mem_gen/valid.cstr/ramloop[1].ram.r/prim_noinit.ram/DEVICE_8SERIES.NO_BMM_INFO.SDP.SIMPLE_PRIM36.ram has been changed from INDEPENDENT to COMMON to match the clocking topology used for the BRAM.
INFO: [Opt 31-422] The CLOCK_DOMAINS attribute on the BRAM cell bbq_inst/hbm_next_pointers/U0/inst_blk_mem_gen/gnbram.gnativebmg.native_blk_mem_gen/valid.cstr/ramloop[20].ram.r/prim_noinit.ram/DEVICE_8SERIES.NO_BMM_INFO.SDP.SIMPLE_PRIM36.ram has been changed from INDEPENDENT to COMMON to match the clocking topology used for the BRAM.
INFO: [Opt 31-422] The CLOCK_DOMAINS attribute on the BRAM cell bbq_inst/hbm_next_pointers/U0/inst_blk_mem_gen/gnbram.gnativebmg.native_blk_mem_gen/valid.cstr/ramloop[21].ram.r/prim_noinit.ram/DEVICE_8SERIES.NO_BMM_INFO.SDP.SIMPLE_PRIM36.ram has been changed from INDEPENDENT to COMMON to match the clocking topology used for the BRAM.
INFO: [Opt 31-422] The CLOCK_DOMAINS attribute on the BRAM cell bbq_inst/hbm_next_pointers/U0/inst_blk_mem_gen/gnbram.gnativebmg.native_blk_mem_gen/valid.cstr/ramloop[22].ram.r/prim_noinit.ram/DEVICE_8SERIES.NO_BMM_INFO.SDP.SIMPLE_PRIM36.ram has been changed from INDEPENDENT to COMMON to match the clocking topology used for the BRAM.
INFO: [Opt 31-422] The CLOCK_DOMAINS attribute on the BRAM cell bbq_inst/hbm_next_pointers/U0/inst_blk_mem_gen/gnbram.gnativebmg.native_blk_mem_gen/valid.cstr/ramloop[23].ram.r/prim_noinit.ram/DEVICE_8SERIES.NO_BMM_INFO.SDP.SIMPLE_PRIM36.ram has been changed from INDEPENDENT to COMMON to match the clocking topology used for the BRAM.
INFO: [Opt 31-422] The CLOCK_DOMAINS attribute on the BRAM cell bbq_inst/hbm_next_pointers/U0/inst_blk_mem_gen/gnbram.gnativebmg.native_blk_mem_gen/valid.cstr/ramloop[24].ram.r/prim_noinit.ram/DEVICE_8SERIES.NO_BMM_INFO.SDP.SIMPLE_PRIM36.ram has been changed from INDEPENDENT to COMMON to match the clocking topology used for the BRAM.
INFO: [Opt 31-422] The CLOCK_DOMAINS attribute on the BRAM cell bbq_inst/hbm_next_pointers/U0/inst_blk_mem_gen/gnbram.gnativebmg.native_blk_mem_gen/valid.cstr/ramloop[25].ram.r/prim_noinit.ram/DEVICE_8SERIES.NO_BMM_INFO.SDP.SIMPLE_PRIM36.ram has been changed from INDEPENDENT to COMMON to match the clocking topology used for the BRAM.
INFO: [Opt 31-422] The CLOCK_DOMAINS attribute on the BRAM cell bbq_inst/hbm_next_pointers/U0/inst_blk_mem_gen/gnbram.gnativebmg.native_blk_mem_gen/valid.cstr/ramloop[26].ram.r/prim_noinit.ram/DEVICE_8SERIES.NO_BMM_INFO.SDP.SIMPLE_PRIM36.ram has been changed from INDEPENDENT to COMMON to match the clocking topology used for the BRAM.
INFO: [Opt 31-422] The CLOCK_DOMAINS attribute on the BRAM cell bbq_inst/hbm_next_pointers/U0/inst_blk_mem_gen/gnbram.gnativebmg.native_blk_mem_gen/valid.cstr/ramloop[27].ram.r/prim_noinit.ram/DEVICE_8SERIES.NO_BMM_INFO.SDP.SIMPLE_PRIM36.ram has been changed from INDEPENDENT to COMMON to match the clocking topology used for the BRAM.
INFO: [Opt 31-422] The CLOCK_DOMAINS attribute on the BRAM cell bbq_inst/hbm_next_pointers/U0/inst_blk_mem_gen/gnbram.gnativebmg.native_blk_mem_gen/valid.cstr/ramloop[28].ram.r/prim_noinit.ram/DEVICE_8SERIES.NO_BMM_INFO.SDP.SIMPLE_PRIM36.ram has been changed from INDEPENDENT to COMMON to match the clocking topology used for the BRAM.
INFO: [Opt 31-422] The CLOCK_DOMAINS attribute on the BRAM cell bbq_inst/hbm_next_pointers/U0/inst_blk_mem_gen/gnbram.gnativebmg.native_blk_mem_gen/valid.cstr/ramloop[29].ram.r/prim_noinit.ram/DEVICE_8SERIES.NO_BMM_INFO.SDP.SIMPLE_PRIM36.ram has been changed from INDEPENDENT to COMMON to match the clocking topology used for the BRAM.
INFO: [Opt 31-422] The CLOCK_DOMAINS attribute on the BRAM cell bbq_inst/hbm_next_pointers/U0/inst_blk_mem_gen/gnbram.gnativebmg.native_blk_mem_gen/valid.cstr/ramloop[2].ram.r/prim_noinit.ram/DEVICE_8SERIES.NO_BMM_INFO.SDP.SIMPLE_PRIM36.ram has been changed from INDEPENDENT to COMMON to match the clocking topology used for the BRAM.
INFO: [Opt 31-422] The CLOCK_DOMAINS attribute on the BRAM cell bbq_inst/hbm_next_pointers/U0/inst_blk_mem_gen/gnbram.gnativebmg.native_blk_mem_gen/valid.cstr/ramloop[30].ram.r/prim_noinit.ram/DEVICE_8SERIES.NO_BMM_INFO.SDP.SIMPLE_PRIM36.ram has been changed from INDEPENDENT to COMMON to match the clocking topology used for the BRAM.
INFO: [Opt 31-422] The CLOCK_DOMAINS attribute on the BRAM cell bbq_inst/hbm_next_pointers/U0/inst_blk_mem_gen/gnbram.gnativebmg.native_blk_mem_gen/valid.cstr/ramloop[31].ram.r/prim_noinit.ram/DEVICE_8SERIES.NO_BMM_INFO.SDP.SIMPLE_PRIM36.ram has been changed from INDEPENDENT to COMMON to match the clocking topology used for the BRAM.
INFO: [Opt 31-422] The CLOCK_DOMAINS attribute on the BRAM cell bbq_inst/hbm_next_pointers/U0/inst_blk_mem_gen/gnbram.gnativebmg.native_blk_mem_gen/valid.cstr/ramloop[32].ram.r/prim_noinit.ram/DEVICE_8SERIES.NO_BMM_INFO.SDP.SIMPLE_PRIM36.ram has been changed from INDEPENDENT to COMMON to match the clocking topology used for the BRAM.
INFO: [Opt 31-422] The CLOCK_DOMAINS attribute on the BRAM cell bbq_inst/hbm_next_pointers/U0/inst_blk_mem_gen/gnbram.gnativebmg.native_blk_mem_gen/valid.cstr/ramloop[33].ram.r/prim_noinit.ram/DEVICE_8SERIES.NO_BMM_INFO.SDP.SIMPLE_PRIM36.ram has been changed from INDEPENDENT to COMMON to match the clocking topology used for the BRAM.
INFO: [Opt 31-422] The CLOCK_DOMAINS attribute on the BRAM cell bbq_inst/hbm_next_pointers/U0/inst_blk_mem_gen/gnbram.gnativebmg.native_blk_mem_gen/valid.cstr/ramloop[34].ram.r/prim_noinit.ram/DEVICE_8SERIES.NO_BMM_INFO.SDP.SIMPLE_PRIM36.ram has been changed from INDEPENDENT to COMMON to match the clocking topology used for the BRAM.
INFO: [Opt 31-422] The CLOCK_DOMAINS attribute on the BRAM cell bbq_inst/hbm_next_pointers/U0/inst_blk_mem_gen/gnbram.gnativebmg.native_blk_mem_gen/valid.cstr/ramloop[35].ram.r/prim_noinit.ram/DEVICE_8SERIES.NO_BMM_INFO.SDP.SIMPLE_PRIM36.ram has been changed from INDEPENDENT to COMMON to match the clocking topology used for the BRAM.
INFO: [Opt 31-422] The CLOCK_DOMAINS attribute on the BRAM cell bbq_inst/hbm_next_pointers/U0/inst_blk_mem_gen/gnbram.gnativebmg.native_blk_mem_gen/valid.cstr/ramloop[36].ram.r/prim_noinit.ram/DEVICE_8SERIES.NO_BMM_INFO.SDP.SIMPLE_PRIM36.ram has been changed from INDEPENDENT to COMMON to match the clocking topology used for the BRAM.
INFO: [Opt 31-422] The CLOCK_DOMAINS attribute on the BRAM cell bbq_inst/hbm_next_pointers/U0/inst_blk_mem_gen/gnbram.gnativebmg.native_blk_mem_gen/valid.cstr/ramloop[37].ram.r/prim_noinit.ram/DEVICE_8SERIES.NO_BMM_INFO.SDP.SIMPLE_PRIM36.ram has been changed from INDEPENDENT to COMMON to match the clocking topology used for the BRAM.
INFO: [Opt 31-422] The CLOCK_DOMAINS attribute on the BRAM cell bbq_inst/hbm_next_pointers/U0/inst_blk_mem_gen/gnbram.gnativebmg.native_blk_mem_gen/valid.cstr/ramloop[38].ram.r/prim_noinit.ram/DEVICE_8SERIES.NO_BMM_INFO.SDP.SIMPLE_PRIM36.ram has been changed from INDEPENDENT to COMMON to match the clocking topology used for the BRAM.
INFO: [Opt 31-422] The CLOCK_DOMAINS attribute on the BRAM cell bbq_inst/hbm_next_pointers/U0/inst_blk_mem_gen/gnbram.gnativebmg.native_blk_mem_gen/valid.cstr/ramloop[39].ram.r/prim_noinit.ram/DEVICE_8SERIES.NO_BMM_INFO.SDP.SIMPLE_PRIM36.ram has been changed from INDEPENDENT to COMMON to match the clocking topology used for the BRAM.
INFO: [Opt 31-422] The CLOCK_DOMAINS attribute on the BRAM cell bbq_inst/hbm_next_pointers/U0/inst_blk_mem_gen/gnbram.gnativebmg.native_blk_mem_gen/valid.cstr/ramloop[3].ram.r/prim_noinit.ram/DEVICE_8SERIES.NO_BMM_INFO.SDP.SIMPLE_PRIM36.ram has been changed from INDEPENDENT to COMMON to match the clocking topology used for the BRAM.
INFO: [Opt 31-422] The CLOCK_DOMAINS attribute on the BRAM cell bbq_inst/hbm_next_pointers/U0/inst_blk_mem_gen/gnbram.gnativebmg.native_blk_mem_gen/valid.cstr/ramloop[40].ram.r/prim_noinit.ram/DEVICE_8SERIES.NO_BMM_INFO.SDP.SIMPLE_PRIM36.ram has been changed from INDEPENDENT to COMMON to match the clocking topology used for the BRAM.
INFO: [Opt 31-422] The CLOCK_DOMAINS attribute on the BRAM cell bbq_inst/hbm_next_pointers/U0/inst_blk_mem_gen/gnbram.gnativebmg.native_blk_mem_gen/valid.cstr/ramloop[41].ram.r/prim_noinit.ram/DEVICE_8SERIES.NO_BMM_INFO.SDP.SIMPLE_PRIM36.ram has been changed from INDEPENDENT to COMMON to match the clocking topology used for the BRAM.
INFO: [Opt 31-422] The CLOCK_DOMAINS attribute on the BRAM cell bbq_inst/hbm_next_pointers/U0/inst_blk_mem_gen/gnbram.gnativebmg.native_blk_mem_gen/valid.cstr/ramloop[42].ram.r/prim_noinit.ram/DEVICE_8SERIES.NO_BMM_INFO.SDP.SIMPLE_PRIM36.ram has been changed from INDEPENDENT to COMMON to match the clocking topology used for the BRAM.
INFO: [Opt 31-422] The CLOCK_DOMAINS attribute on the BRAM cell bbq_inst/hbm_next_pointers/U0/inst_blk_mem_gen/gnbram.gnativebmg.native_blk_mem_gen/valid.cstr/ramloop[43].ram.r/prim_noinit.ram/DEVICE_8SERIES.NO_BMM_INFO.SDP.SIMPLE_PRIM36.ram has been changed from INDEPENDENT to COMMON to match the clocking topology used for the BRAM.
INFO: [Opt 31-422] The CLOCK_DOMAINS attribute on the BRAM cell bbq_inst/hbm_next_pointers/U0/inst_blk_mem_gen/gnbram.gnativebmg.native_blk_mem_gen/valid.cstr/ramloop[44].ram.r/prim_noinit.ram/DEVICE_8SERIES.NO_BMM_INFO.SDP.SIMPLE_PRIM36.ram has been changed from INDEPENDENT to COMMON to match the clocking topology used for the BRAM.
INFO: [Opt 31-422] The CLOCK_DOMAINS attribute on the BRAM cell bbq_inst/hbm_next_pointers/U0/inst_blk_mem_gen/gnbram.gnativebmg.native_blk_mem_gen/valid.cstr/ramloop[45].ram.r/prim_noinit.ram/DEVICE_8SERIES.NO_BMM_INFO.SDP.SIMPLE_PRIM36.ram has been changed from INDEPENDENT to COMMON to match the clocking topology used for the BRAM.
INFO: [Opt 31-422] The CLOCK_DOMAINS attribute on the BRAM cell bbq_inst/hbm_next_pointers/U0/inst_blk_mem_gen/gnbram.gnativebmg.native_blk_mem_gen/valid.cstr/ramloop[46].ram.r/prim_noinit.ram/DEVICE_8SERIES.NO_BMM_INFO.SDP.SIMPLE_PRIM36.ram has been changed from INDEPENDENT to COMMON to match the clocking topology used for the BRAM.
INFO: [Opt 31-422] The CLOCK_DOMAINS attribute on the BRAM cell bbq_inst/hbm_next_pointers/U0/inst_blk_mem_gen/gnbram.gnativebmg.native_blk_mem_gen/valid.cstr/ramloop[47].ram.r/prim_noinit.ram/DEVICE_8SERIES.NO_BMM_INFO.SDP.SIMPLE_PRIM36.ram has been changed from INDEPENDENT to COMMON to match the clocking topology used for the BRAM.
INFO: [Opt 31-422] The CLOCK_DOMAINS attribute on the BRAM cell bbq_inst/hbm_next_pointers/U0/inst_blk_mem_gen/gnbram.gnativebmg.native_blk_mem_gen/valid.cstr/ramloop[48].ram.r/prim_noinit.ram/DEVICE_8SERIES.NO_BMM_INFO.SDP.SIMPLE_PRIM36.ram has been changed from INDEPENDENT to COMMON to match the clocking topology used for the BRAM.
INFO: [Opt 31-422] The CLOCK_DOMAINS attribute on the BRAM cell bbq_inst/hbm_next_pointers/U0/inst_blk_mem_gen/gnbram.gnativebmg.native_blk_mem_gen/valid.cstr/ramloop[49].ram.r/prim_noinit.ram/DEVICE_8SERIES.NO_BMM_INFO.SDP.SIMPLE_PRIM36.ram has been changed from INDEPENDENT to COMMON to match the clocking topology used for the BRAM.
INFO: [Opt 31-422] The CLOCK_DOMAINS attribute on the BRAM cell bbq_inst/hbm_next_pointers/U0/inst_blk_mem_gen/gnbram.gnativebmg.native_blk_mem_gen/valid.cstr/ramloop[4].ram.r/prim_noinit.ram/DEVICE_8SERIES.NO_BMM_INFO.SDP.SIMPLE_PRIM36.ram has been changed from INDEPENDENT to COMMON to match the clocking topology used for the BRAM.
INFO: [Opt 31-422] The CLOCK_DOMAINS attribute on the BRAM cell bbq_inst/hbm_next_pointers/U0/inst_blk_mem_gen/gnbram.gnativebmg.native_blk_mem_gen/valid.cstr/ramloop[50].ram.r/prim_noinit.ram/DEVICE_8SERIES.NO_BMM_INFO.SDP.SIMPLE_PRIM36.ram has been changed from INDEPENDENT to COMMON to match the clocking topology used for the BRAM.
INFO: [Opt 31-422] The CLOCK_DOMAINS attribute on the BRAM cell bbq_inst/hbm_next_pointers/U0/inst_blk_mem_gen/gnbram.gnativebmg.native_blk_mem_gen/valid.cstr/ramloop[51].ram.r/prim_noinit.ram/DEVICE_8SERIES.NO_BMM_INFO.SDP.SIMPLE_PRIM36.ram has been changed from INDEPENDENT to COMMON to match the clocking topology used for the BRAM.
INFO: [Opt 31-422] The CLOCK_DOMAINS attribute on the BRAM cell bbq_inst/hbm_next_pointers/U0/inst_blk_mem_gen/gnbram.gnativebmg.native_blk_mem_gen/valid.cstr/ramloop[52].ram.r/prim_noinit.ram/DEVICE_8SERIES.NO_BMM_INFO.SDP.SIMPLE_PRIM36.ram has been changed from INDEPENDENT to COMMON to match the clocking topology used for the BRAM.
INFO: [Opt 31-422] The CLOCK_DOMAINS attribute on the BRAM cell bbq_inst/hbm_next_pointers/U0/inst_blk_mem_gen/gnbram.gnativebmg.native_blk_mem_gen/valid.cstr/ramloop[53].ram.r/prim_noinit.ram/DEVICE_8SERIES.NO_BMM_INFO.SDP.SIMPLE_PRIM36.ram has been changed from INDEPENDENT to COMMON to match the clocking topology used for the BRAM.
INFO: [Opt 31-422] The CLOCK_DOMAINS attribute on the BRAM cell bbq_inst/hbm_next_pointers/U0/inst_blk_mem_gen/gnbram.gnativebmg.native_blk_mem_gen/valid.cstr/ramloop[54].ram.r/prim_noinit.ram/DEVICE_8SERIES.NO_BMM_INFO.SDP.SIMPLE_PRIM36.ram has been changed from INDEPENDENT to COMMON to match the clocking topology used for the BRAM.
INFO: [Opt 31-422] The CLOCK_DOMAINS attribute on the BRAM cell bbq_inst/hbm_next_pointers/U0/inst_blk_mem_gen/gnbram.gnativebmg.native_blk_mem_gen/valid.cstr/ramloop[55].ram.r/prim_noinit.ram/DEVICE_8SERIES.NO_BMM_INFO.SDP.SIMPLE_PRIM36.ram has been changed from INDEPENDENT to COMMON to match the clocking topology used for the BRAM.
INFO: [Opt 31-422] The CLOCK_DOMAINS attribute on the BRAM cell bbq_inst/hbm_next_pointers/U0/inst_blk_mem_gen/gnbram.gnativebmg.native_blk_mem_gen/valid.cstr/ramloop[56].ram.r/prim_noinit.ram/DEVICE_8SERIES.NO_BMM_INFO.SDP.SIMPLE_PRIM36.ram has been changed from INDEPENDENT to COMMON to match the clocking topology used for the BRAM.
INFO: [Opt 31-422] The CLOCK_DOMAINS attribute on the BRAM cell bbq_inst/hbm_next_pointers/U0/inst_blk_mem_gen/gnbram.gnativebmg.native_blk_mem_gen/valid.cstr/ramloop[57].ram.r/prim_noinit.ram/DEVICE_8SERIES.NO_BMM_INFO.SDP.SIMPLE_PRIM36.ram has been changed from INDEPENDENT to COMMON to match the clocking topology used for the BRAM.
INFO: [Opt 31-422] The CLOCK_DOMAINS attribute on the BRAM cell bbq_inst/hbm_next_pointers/U0/inst_blk_mem_gen/gnbram.gnativebmg.native_blk_mem_gen/valid.cstr/ramloop[58].ram.r/prim_noinit.ram/DEVICE_8SERIES.NO_BMM_INFO.SDP.SIMPLE_PRIM36.ram has been changed from INDEPENDENT to COMMON to match the clocking topology used for the BRAM.
INFO: [Opt 31-422] The CLOCK_DOMAINS attribute on the BRAM cell bbq_inst/hbm_next_pointers/U0/inst_blk_mem_gen/gnbram.gnativebmg.native_blk_mem_gen/valid.cstr/ramloop[59].ram.r/prim_noinit.ram/DEVICE_8SERIES.NO_BMM_INFO.SDP.SIMPLE_PRIM36.ram has been changed from INDEPENDENT to COMMON to match the clocking topology used for the BRAM.
INFO: [Opt 31-422] The CLOCK_DOMAINS attribute on the BRAM cell bbq_inst/hbm_next_pointers/U0/inst_blk_mem_gen/gnbram.gnativebmg.native_blk_mem_gen/valid.cstr/ramloop[5].ram.r/prim_noinit.ram/DEVICE_8SERIES.NO_BMM_INFO.SDP.SIMPLE_PRIM36.ram has been changed from INDEPENDENT to COMMON to match the clocking topology used for the BRAM.
INFO: [Opt 31-422] The CLOCK_DOMAINS attribute on the BRAM cell bbq_inst/hbm_next_pointers/U0/inst_blk_mem_gen/gnbram.gnativebmg.native_blk_mem_gen/valid.cstr/ramloop[60].ram.r/prim_noinit.ram/DEVICE_8SERIES.NO_BMM_INFO.SDP.SIMPLE_PRIM36.ram has been changed from INDEPENDENT to COMMON to match the clocking topology used for the BRAM.
INFO: [Opt 31-422] The CLOCK_DOMAINS attribute on the BRAM cell bbq_inst/hbm_next_pointers/U0/inst_blk_mem_gen/gnbram.gnativebmg.native_blk_mem_gen/valid.cstr/ramloop[61].ram.r/prim_noinit.ram/DEVICE_8SERIES.NO_BMM_INFO.SDP.SIMPLE_PRIM36.ram has been changed from INDEPENDENT to COMMON to match the clocking topology used for the BRAM.
INFO: [Opt 31-422] The CLOCK_DOMAINS attribute on the BRAM cell bbq_inst/hbm_next_pointers/U0/inst_blk_mem_gen/gnbram.gnativebmg.native_blk_mem_gen/valid.cstr/ramloop[62].ram.r/prim_noinit.ram/DEVICE_8SERIES.NO_BMM_INFO.SDP.SIMPLE_PRIM36.ram has been changed from INDEPENDENT to COMMON to match the clocking topology used for the BRAM.
INFO: [Opt 31-422] The CLOCK_DOMAINS attribute on the BRAM cell bbq_inst/hbm_next_pointers/U0/inst_blk_mem_gen/gnbram.gnativebmg.native_blk_mem_gen/valid.cstr/ramloop[63].ram.r/prim_noinit.ram/DEVICE_8SERIES.NO_BMM_INFO.SDP.SIMPLE_PRIM36.ram has been changed from INDEPENDENT to COMMON to match the clocking topology used for the BRAM.
INFO: [Opt 31-422] The CLOCK_DOMAINS attribute on the BRAM cell bbq_inst/hbm_next_pointers/U0/inst_blk_mem_gen/gnbram.gnativebmg.native_blk_mem_gen/valid.cstr/ramloop[6].ram.r/prim_noinit.ram/DEVICE_8SERIES.NO_BMM_INFO.SDP.SIMPLE_PRIM36.ram has been changed from INDEPENDENT to COMMON to match the clocking topology used for the BRAM.
INFO: [Opt 31-422] The CLOCK_DOMAINS attribute on the BRAM cell bbq_inst/hbm_next_pointers/U0/inst_blk_mem_gen/gnbram.gnativebmg.native_blk_mem_gen/valid.cstr/ramloop[7].ram.r/prim_noinit.ram/DEVICE_8SERIES.NO_BMM_INFO.SDP.SIMPLE_PRIM36.ram has been changed from INDEPENDENT to COMMON to match the clocking topology used for the BRAM.
INFO: [Opt 31-422] The CLOCK_DOMAINS attribute on the BRAM cell bbq_inst/hbm_next_pointers/U0/inst_blk_mem_gen/gnbram.gnativebmg.native_blk_mem_gen/valid.cstr/ramloop[8].ram.r/prim_noinit.ram/DEVICE_8SERIES.NO_BMM_INFO.SDP.SIMPLE_PRIM36.ram has been changed from INDEPENDENT to COMMON to match the clocking topology used for the BRAM.
INFO: [Opt 31-422] The CLOCK_DOMAINS attribute on the BRAM cell bbq_inst/hbm_next_pointers/U0/inst_blk_mem_gen/gnbram.gnativebmg.native_blk_mem_gen/valid.cstr/ramloop[9].ram.r/prim_noinit.ram/DEVICE_8SERIES.NO_BMM_INFO.SDP.SIMPLE_PRIM36.ram has been changed from INDEPENDENT to COMMON to match the clocking topology used for the BRAM.
INFO: [Opt 31-422] The CLOCK_DOMAINS attribute on the BRAM cell bbq_inst/hbm_previous_pointers/U0/inst_blk_mem_gen/gnbram.gnativebmg.native_blk_mem_gen/valid.cstr/ramloop[0].ram.r/prim_noinit.ram/DEVICE_8SERIES.NO_BMM_INFO.SDP.SIMPLE_PRIM36.ram has been changed from INDEPENDENT to COMMON to match the clocking topology used for the BRAM.
INFO: [Opt 31-422] The CLOCK_DOMAINS attribute on the BRAM cell bbq_inst/hbm_previous_pointers/U0/inst_blk_mem_gen/gnbram.gnativebmg.native_blk_mem_gen/valid.cstr/ramloop[10].ram.r/prim_noinit.ram/DEVICE_8SERIES.NO_BMM_INFO.SDP.SIMPLE_PRIM36.ram has been changed from INDEPENDENT to COMMON to match the clocking topology used for the BRAM.
INFO: [Opt 31-422] The CLOCK_DOMAINS attribute on the BRAM cell bbq_inst/hbm_previous_pointers/U0/inst_blk_mem_gen/gnbram.gnativebmg.native_blk_mem_gen/valid.cstr/ramloop[11].ram.r/prim_noinit.ram/DEVICE_8SERIES.NO_BMM_INFO.SDP.SIMPLE_PRIM36.ram has been changed from INDEPENDENT to COMMON to match the clocking topology used for the BRAM.
INFO: [Opt 31-422] The CLOCK_DOMAINS attribute on the BRAM cell bbq_inst/hbm_previous_pointers/U0/inst_blk_mem_gen/gnbram.gnativebmg.native_blk_mem_gen/valid.cstr/ramloop[12].ram.r/prim_noinit.ram/DEVICE_8SERIES.NO_BMM_INFO.SDP.SIMPLE_PRIM36.ram has been changed from INDEPENDENT to COMMON to match the clocking topology used for the BRAM.
INFO: [Opt 31-422] The CLOCK_DOMAINS attribute on the BRAM cell bbq_inst/hbm_previous_pointers/U0/inst_blk_mem_gen/gnbram.gnativebmg.native_blk_mem_gen/valid.cstr/ramloop[13].ram.r/prim_noinit.ram/DEVICE_8SERIES.NO_BMM_INFO.SDP.SIMPLE_PRIM36.ram has been changed from INDEPENDENT to COMMON to match the clocking topology used for the BRAM.
INFO: [Opt 31-422] The CLOCK_DOMAINS attribute on the BRAM cell bbq_inst/hbm_previous_pointers/U0/inst_blk_mem_gen/gnbram.gnativebmg.native_blk_mem_gen/valid.cstr/ramloop[14].ram.r/prim_noinit.ram/DEVICE_8SERIES.NO_BMM_INFO.SDP.SIMPLE_PRIM36.ram has been changed from INDEPENDENT to COMMON to match the clocking topology used for the BRAM.
INFO: [Opt 31-422] The CLOCK_DOMAINS attribute on the BRAM cell bbq_inst/hbm_previous_pointers/U0/inst_blk_mem_gen/gnbram.gnativebmg.native_blk_mem_gen/valid.cstr/ramloop[15].ram.r/prim_noinit.ram/DEVICE_8SERIES.NO_BMM_INFO.SDP.SIMPLE_PRIM36.ram has been changed from INDEPENDENT to COMMON to match the clocking topology used for the BRAM.
INFO: [Opt 31-422] The CLOCK_DOMAINS attribute on the BRAM cell bbq_inst/hbm_previous_pointers/U0/inst_blk_mem_gen/gnbram.gnativebmg.native_blk_mem_gen/valid.cstr/ramloop[16].ram.r/prim_noinit.ram/DEVICE_8SERIES.NO_BMM_INFO.SDP.SIMPLE_PRIM36.ram has been changed from INDEPENDENT to COMMON to match the clocking topology used for the BRAM.
INFO: [Opt 31-422] The CLOCK_DOMAINS attribute on the BRAM cell bbq_inst/hbm_previous_pointers/U0/inst_blk_mem_gen/gnbram.gnativebmg.native_blk_mem_gen/valid.cstr/ramloop[17].ram.r/prim_noinit.ram/DEVICE_8SERIES.NO_BMM_INFO.SDP.SIMPLE_PRIM36.ram has been changed from INDEPENDENT to COMMON to match the clocking topology used for the BRAM.
INFO: [Opt 31-422] The CLOCK_DOMAINS attribute on the BRAM cell bbq_inst/hbm_previous_pointers/U0/inst_blk_mem_gen/gnbram.gnativebmg.native_blk_mem_gen/valid.cstr/ramloop[18].ram.r/prim_noinit.ram/DEVICE_8SERIES.NO_BMM_INFO.SDP.SIMPLE_PRIM36.ram has been changed from INDEPENDENT to COMMON to match the clocking topology used for the BRAM.
INFO: [Opt 31-422] The CLOCK_DOMAINS attribute on the BRAM cell bbq_inst/hbm_previous_pointers/U0/inst_blk_mem_gen/gnbram.gnativebmg.native_blk_mem_gen/valid.cstr/ramloop[19].ram.r/prim_noinit.ram/DEVICE_8SERIES.NO_BMM_INFO.SDP.SIMPLE_PRIM36.ram has been changed from INDEPENDENT to COMMON to match the clocking topology used for the BRAM.
INFO: [Opt 31-422] The CLOCK_DOMAINS attribute on the BRAM cell bbq_inst/hbm_previous_pointers/U0/inst_blk_mem_gen/gnbram.gnativebmg.native_blk_mem_gen/valid.cstr/ramloop[1].ram.r/prim_noinit.ram/DEVICE_8SERIES.NO_BMM_INFO.SDP.SIMPLE_PRIM36.ram has been changed from INDEPENDENT to COMMON to match the clocking topology used for the BRAM.
INFO: [Opt 31-422] The CLOCK_DOMAINS attribute on the BRAM cell bbq_inst/hbm_previous_pointers/U0/inst_blk_mem_gen/gnbram.gnativebmg.native_blk_mem_gen/valid.cstr/ramloop[20].ram.r/prim_noinit.ram/DEVICE_8SERIES.NO_BMM_INFO.SDP.SIMPLE_PRIM36.ram has been changed from INDEPENDENT to COMMON to match the clocking topology used for the BRAM.
INFO: [Opt 31-422] The CLOCK_DOMAINS attribute on the BRAM cell bbq_inst/hbm_previous_pointers/U0/inst_blk_mem_gen/gnbram.gnativebmg.native_blk_mem_gen/valid.cstr/ramloop[21].ram.r/prim_noinit.ram/DEVICE_8SERIES.NO_BMM_INFO.SDP.SIMPLE_PRIM36.ram has been changed from INDEPENDENT to COMMON to match the clocking topology used for the BRAM.
INFO: [Opt 31-422] The CLOCK_DOMAINS attribute on the BRAM cell bbq_inst/hbm_previous_pointers/U0/inst_blk_mem_gen/gnbram.gnativebmg.native_blk_mem_gen/valid.cstr/ramloop[22].ram.r/prim_noinit.ram/DEVICE_8SERIES.NO_BMM_INFO.SDP.SIMPLE_PRIM36.ram has been changed from INDEPENDENT to COMMON to match the clocking topology used for the BRAM.
INFO: [Opt 31-422] The CLOCK_DOMAINS attribute on the BRAM cell bbq_inst/hbm_previous_pointers/U0/inst_blk_mem_gen/gnbram.gnativebmg.native_blk_mem_gen/valid.cstr/ramloop[23].ram.r/prim_noinit.ram/DEVICE_8SERIES.NO_BMM_INFO.SDP.SIMPLE_PRIM36.ram has been changed from INDEPENDENT to COMMON to match the clocking topology used for the BRAM.
INFO: [Opt 31-422] The CLOCK_DOMAINS attribute on the BRAM cell bbq_inst/hbm_previous_pointers/U0/inst_blk_mem_gen/gnbram.gnativebmg.native_blk_mem_gen/valid.cstr/ramloop[24].ram.r/prim_noinit.ram/DEVICE_8SERIES.NO_BMM_INFO.SDP.SIMPLE_PRIM36.ram has been changed from INDEPENDENT to COMMON to match the clocking topology used for the BRAM.
INFO: [Opt 31-422] The CLOCK_DOMAINS attribute on the BRAM cell bbq_inst/hbm_previous_pointers/U0/inst_blk_mem_gen/gnbram.gnativebmg.native_blk_mem_gen/valid.cstr/ramloop[25].ram.r/prim_noinit.ram/DEVICE_8SERIES.NO_BMM_INFO.SDP.SIMPLE_PRIM36.ram has been changed from INDEPENDENT to COMMON to match the clocking topology used for the BRAM.
INFO: [Opt 31-422] The CLOCK_DOMAINS attribute on the BRAM cell bbq_inst/hbm_previous_pointers/U0/inst_blk_mem_gen/gnbram.gnativebmg.native_blk_mem_gen/valid.cstr/ramloop[26].ram.r/prim_noinit.ram/DEVICE_8SERIES.NO_BMM_INFO.SDP.SIMPLE_PRIM36.ram has been changed from INDEPENDENT to COMMON to match the clocking topology used for the BRAM.
INFO: [Opt 31-422] The CLOCK_DOMAINS attribute on the BRAM cell bbq_inst/hbm_previous_pointers/U0/inst_blk_mem_gen/gnbram.gnativebmg.native_blk_mem_gen/valid.cstr/ramloop[27].ram.r/prim_noinit.ram/DEVICE_8SERIES.NO_BMM_INFO.SDP.SIMPLE_PRIM36.ram has been changed from INDEPENDENT to COMMON to match the clocking topology used for the BRAM.
INFO: [Opt 31-422] The CLOCK_DOMAINS attribute on the BRAM cell bbq_inst/hbm_previous_pointers/U0/inst_blk_mem_gen/gnbram.gnativebmg.native_blk_mem_gen/valid.cstr/ramloop[28].ram.r/prim_noinit.ram/DEVICE_8SERIES.NO_BMM_INFO.SDP.SIMPLE_PRIM36.ram has been changed from INDEPENDENT to COMMON to match the clocking topology used for the BRAM.
INFO: [Opt 31-422] The CLOCK_DOMAINS attribute on the BRAM cell bbq_inst/hbm_previous_pointers/U0/inst_blk_mem_gen/gnbram.gnativebmg.native_blk_mem_gen/valid.cstr/ramloop[29].ram.r/prim_noinit.ram/DEVICE_8SERIES.NO_BMM_INFO.SDP.SIMPLE_PRIM36.ram has been changed from INDEPENDENT to COMMON to match the clocking topology used for the BRAM.
INFO: [Opt 31-422] The CLOCK_DOMAINS attribute on the BRAM cell bbq_inst/hbm_previous_pointers/U0/inst_blk_mem_gen/gnbram.gnativebmg.native_blk_mem_gen/valid.cstr/ramloop[2].ram.r/prim_noinit.ram/DEVICE_8SERIES.NO_BMM_INFO.SDP.SIMPLE_PRIM36.ram has been changed from INDEPENDENT to COMMON to match the clocking topology used for the BRAM.
INFO: [Opt 31-422] The CLOCK_DOMAINS attribute on the BRAM cell bbq_inst/hbm_previous_pointers/U0/inst_blk_mem_gen/gnbram.gnativebmg.native_blk_mem_gen/valid.cstr/ramloop[30].ram.r/prim_noinit.ram/DEVICE_8SERIES.NO_BMM_INFO.SDP.SIMPLE_PRIM36.ram has been changed from INDEPENDENT to COMMON to match the clocking topology used for the BRAM.
INFO: [Opt 31-422] The CLOCK_DOMAINS attribute on the BRAM cell bbq_inst/hbm_previous_pointers/U0/inst_blk_mem_gen/gnbram.gnativebmg.native_blk_mem_gen/valid.cstr/ramloop[31].ram.r/prim_noinit.ram/DEVICE_8SERIES.NO_BMM_INFO.SDP.SIMPLE_PRIM36.ram has been changed from INDEPENDENT to COMMON to match the clocking topology used for the BRAM.
INFO: [Opt 31-422] The CLOCK_DOMAINS attribute on the BRAM cell bbq_inst/hbm_previous_pointers/U0/inst_blk_mem_gen/gnbram.gnativebmg.native_blk_mem_gen/valid.cstr/ramloop[32].ram.r/prim_noinit.ram/DEVICE_8SERIES.NO_BMM_INFO.SDP.SIMPLE_PRIM36.ram has been changed from INDEPENDENT to COMMON to match the clocking topology used for the BRAM.
INFO: [Opt 31-422] The CLOCK_DOMAINS attribute on the BRAM cell bbq_inst/hbm_previous_pointers/U0/inst_blk_mem_gen/gnbram.gnativebmg.native_blk_mem_gen/valid.cstr/ramloop[33].ram.r/prim_noinit.ram/DEVICE_8SERIES.NO_BMM_INFO.SDP.SIMPLE_PRIM36.ram has been changed from INDEPENDENT to COMMON to match the clocking topology used for the BRAM.
INFO: [Opt 31-422] The CLOCK_DOMAINS attribute on the BRAM cell bbq_inst/hbm_previous_pointers/U0/inst_blk_mem_gen/gnbram.gnativebmg.native_blk_mem_gen/valid.cstr/ramloop[34].ram.r/prim_noinit.ram/DEVICE_8SERIES.NO_BMM_INFO.SDP.SIMPLE_PRIM36.ram has been changed from INDEPENDENT to COMMON to match the clocking topology used for the BRAM.
INFO: [Opt 31-422] The CLOCK_DOMAINS attribute on the BRAM cell bbq_inst/hbm_previous_pointers/U0/inst_blk_mem_gen/gnbram.gnativebmg.native_blk_mem_gen/valid.cstr/ramloop[35].ram.r/prim_noinit.ram/DEVICE_8SERIES.NO_BMM_INFO.SDP.SIMPLE_PRIM36.ram has been changed from INDEPENDENT to COMMON to match the clocking topology used for the BRAM.
INFO: [Opt 31-422] The CLOCK_DOMAINS attribute on the BRAM cell bbq_inst/hbm_previous_pointers/U0/inst_blk_mem_gen/gnbram.gnativebmg.native_blk_mem_gen/valid.cstr/ramloop[36].ram.r/prim_noinit.ram/DEVICE_8SERIES.NO_BMM_INFO.SDP.SIMPLE_PRIM36.ram has been changed from INDEPENDENT to COMMON to match the clocking topology used for the BRAM.
INFO: [Opt 31-422] The CLOCK_DOMAINS attribute on the BRAM cell bbq_inst/hbm_previous_pointers/U0/inst_blk_mem_gen/gnbram.gnativebmg.native_blk_mem_gen/valid.cstr/ramloop[37].ram.r/prim_noinit.ram/DEVICE_8SERIES.NO_BMM_INFO.SDP.SIMPLE_PRIM36.ram has been changed from INDEPENDENT to COMMON to match the clocking topology used for the BRAM.
INFO: [Opt 31-422] The CLOCK_DOMAINS attribute on the BRAM cell bbq_inst/hbm_previous_pointers/U0/inst_blk_mem_gen/gnbram.gnativebmg.native_blk_mem_gen/valid.cstr/ramloop[38].ram.r/prim_noinit.ram/DEVICE_8SERIES.NO_BMM_INFO.SDP.SIMPLE_PRIM36.ram has been changed from INDEPENDENT to COMMON to match the clocking topology used for the BRAM.
INFO: [Opt 31-422] The CLOCK_DOMAINS attribute on the BRAM cell bbq_inst/hbm_previous_pointers/U0/inst_blk_mem_gen/gnbram.gnativebmg.native_blk_mem_gen/valid.cstr/ramloop[39].ram.r/prim_noinit.ram/DEVICE_8SERIES.NO_BMM_INFO.SDP.SIMPLE_PRIM36.ram has been changed from INDEPENDENT to COMMON to match the clocking topology used for the BRAM.
INFO: [Opt 31-422] The CLOCK_DOMAINS attribute on the BRAM cell bbq_inst/hbm_previous_pointers/U0/inst_blk_mem_gen/gnbram.gnativebmg.native_blk_mem_gen/valid.cstr/ramloop[3].ram.r/prim_noinit.ram/DEVICE_8SERIES.NO_BMM_INFO.SDP.SIMPLE_PRIM36.ram has been changed from INDEPENDENT to COMMON to match the clocking topology used for the BRAM.
INFO: [Common 17-14] Message 'Opt 31-422' appears 100 times and further instances of the messages will be disabled. Use the Tcl command set_msg_config to change the current settings.
Netlist sorting complete. Time (s): cpu = 00:00:00 ; elapsed = 00:00:00.01 . Memory (MB): peak = 4064.863 ; gain = 0.000 ; free physical = 24356 ; free virtual = 52199
INFO: [Project 1-111] Unisim Transformation Summary:
  A total of 211 instances were transformed.
  CFGLUT5 => CFGLUT5 (SRL16E, SRLC32E): 192 instances
  HBM_ONE_STACK_INTF => HBM_ONE_STACK_INTF (HBM_REF_CLK, HBM_SNGLBLI_INTF_APB, HBM_SNGLBLI_INTF_AXI(x16)): 1 instance 
  IBUF => IBUF (IBUFCTRL, INBUF): 1 instance 
  IBUFDS => IBUFDS (DIFFINBUF, IBUFCTRL): 1 instance 
  RAM16X1S => RAM32X1S (RAMS32): 16 instances

124 Infos, 2 Warnings, 1 Critical Warnings and 0 Errors encountered.
link_design completed successfully
link_design: Time (s): cpu = 00:00:34 ; elapsed = 00:00:38 . Memory (MB): peak = 4064.863 ; gain = 1698.410 ; free physical = 24356 ; free virtual = 52199
Command: opt_design
Attempting to get a license for feature 'Implementation' and/or device 'xcu280'
INFO: [Common 17-349] Got license for feature 'Implementation' and/or device 'xcu280'
Running DRC as a precondition to command opt_design

Starting DRC Task
INFO: [DRC 23-27] Running DRC with 8 threads
INFO: [Project 1-461] DRC finished with 0 Errors
INFO: [Project 1-462] Please refer to the DRC report (report_drc) for more information.

Time (s): cpu = 00:00:02 ; elapsed = 00:00:00.94 . Memory (MB): peak = 4128.895 ; gain = 64.031 ; free physical = 24328 ; free virtual = 52172

Starting Cache Timing Information Task
INFO: [Timing 38-35] Done setting XDC timing constraints.
INFO: [Timing 38-2] Deriving generated clocks
Ending Cache Timing Information Task | Checksum: 13b2b3b7c

Time (s): cpu = 00:00:06 ; elapsed = 00:00:01 . Memory (MB): peak = 4128.895 ; gain = 0.000 ; free physical = 24312 ; free virtual = 52155

Starting Logic Optimization Task

Phase 1 Generate And Synthesize Debug Cores
INFO: [Chipscope 16-329] Generating Script for core instance : dbg_hub 
INFO: [IP_Flow 19-3806] Processing IP xilinx.com:ip:xsdbm:3.0 for cell dbg_hub_CV.
INFO: [Chipscope 16-469] Using cached IP synthesis design for IP xilinx.com:ip:xsdbm:3.0, cache-ID = 30072cffc0d962b0.
Netlist sorting complete. Time (s): cpu = 00:00:00.01 ; elapsed = 00:00:00.02 . Memory (MB): peak = 4328.465 ; gain = 0.000 ; free physical = 24133 ; free virtual = 51979
Phase 1 Generate And Synthesize Debug Cores | Checksum: 1b6dc0b65

Time (s): cpu = 00:00:21 ; elapsed = 00:00:29 . Memory (MB): peak = 4328.465 ; gain = 43.773 ; free physical = 24133 ; free virtual = 51979

Phase 2 Retarget
WARNING: [Opt 31-233] Net with MARK_DEBUG TRUE property was optimized: locked
Resolution: To prevent optimization apply the following XDC constraint before opt_design: set_property DONT_TOUCH TRUE [get_nets locked]
INFO: [Opt 31-138] Pushed 12 inverter(s) to 4930 load pin(s).
INFO: [Opt 31-422] The CLOCK_DOMAINS attribute on the BRAM cell nolabel_line137/inst/ila_core_inst/ila_trace_memory_inst/SUBCORE_RAM_BLK_MEM_1.trace_block_memory/inst_blk_mem_gen/gnbram.gnativebmg.native_blk_mem_gen/valid.cstr/ramloop[0].ram.r/prim_noinit.ram/DEVICE_8SERIES.NO_BMM_INFO.SDP.SIMPLE_PRIM36.ram has been changed from INDEPENDENT to COMMON to match the clocking topology used for the BRAM.
INFO: [Opt 31-422] The CLOCK_DOMAINS attribute on the BRAM cell nolabel_line137/inst/ila_core_inst/ila_trace_memory_inst/SUBCORE_RAM_BLK_MEM_1.trace_block_memory/inst_blk_mem_gen/gnbram.gnativebmg.native_blk_mem_gen/valid.cstr/ramloop[1].ram.r/prim_noinit.ram/DEVICE_8SERIES.NO_BMM_INFO.SDP.SIMPLE_PRIM36.ram has been changed from INDEPENDENT to COMMON to match the clocking topology used for the BRAM.
INFO: [Opt 31-422] The CLOCK_DOMAINS attribute on the BRAM cell nolabel_line137/inst/ila_core_inst/ila_trace_memory_inst/SUBCORE_RAM_BLK_MEM_1.trace_block_memory/inst_blk_mem_gen/gnbram.gnativebmg.native_blk_mem_gen/valid.cstr/ramloop[2].ram.r/prim_noinit.ram/DEVICE_8SERIES.NO_BMM_INFO.SDP.SIMPLE_PRIM36.ram has been changed from INDEPENDENT to COMMON to match the clocking topology used for the BRAM.
INFO: [Opt 31-49] Retargeted 0 cell(s).
Phase 2 Retarget | Checksum: 16f947653

Time (s): cpu = 00:00:23 ; elapsed = 00:00:30 . Memory (MB): peak = 4328.465 ; gain = 43.773 ; free physical = 24163 ; free virtual = 52009
INFO: [Opt 31-389] Phase Retarget created 40 cells and removed 1151 cells
INFO: [Opt 31-1021] In phase Retarget, 112 netlist objects are constrained preventing optimization. Please run opt_design with -debug_log to get more detail. 

Phase 3 Constant propagation
INFO: [Opt 31-138] Pushed 0 inverter(s) to 0 load pin(s).
Phase 3 Constant propagation | Checksum: 11db81488

Time (s): cpu = 00:00:23 ; elapsed = 00:00:30 . Memory (MB): peak = 4328.465 ; gain = 43.773 ; free physical = 24163 ; free virtual = 52010
INFO: [Opt 31-389] Phase Constant propagation created 67 cells and removed 104 cells
INFO: [Opt 31-1021] In phase Constant propagation, 85 netlist objects are constrained preventing optimization. Please run opt_design with -debug_log to get more detail. 

Phase 4 Sweep
Phase 4 Sweep | Checksum: 166676326

Time (s): cpu = 00:00:26 ; elapsed = 00:00:34 . Memory (MB): peak = 4328.465 ; gain = 43.773 ; free physical = 24162 ; free virtual = 52009
INFO: [Opt 31-389] Phase Sweep created 0 cells and removed 1170 cells
INFO: [Opt 31-1021] In phase Sweep, 1853 netlist objects are constrained preventing optimization. Please run opt_design with -debug_log to get more detail. 

Phase 5 BUFG optimization
INFO: [Opt 31-1077] Phase BUFG optimization inserted 0 global clock buffer(s) for CLOCK_LOW_FANOUT.
INFO: [Opt 31-274] Optimized connectivity to 4 cascaded buffer cells
Phase 5 BUFG optimization | Checksum: 166676326

Time (s): cpu = 00:00:26 ; elapsed = 00:00:34 . Memory (MB): peak = 4328.465 ; gain = 43.773 ; free physical = 24162 ; free virtual = 52009
INFO: [Opt 31-662] Phase BUFG optimization created 0 cells of which 0 are BUFGs and removed 0 cells.
INFO: [Opt 31-1021] In phase BUFG optimization, 2 netlist objects are constrained preventing optimization. Please run opt_design with -debug_log to get more detail. 

Phase 6 Shift Register Optimization
INFO: [Opt 31-1064] SRL Remap converted 0 SRLs to 0 registers and converted 0 registers of register chains to 0 SRLs
Phase 6 Shift Register Optimization | Checksum: 166676326

Time (s): cpu = 00:00:26 ; elapsed = 00:00:34 . Memory (MB): peak = 4328.465 ; gain = 43.773 ; free physical = 24162 ; free virtual = 52009
INFO: [Opt 31-389] Phase Shift Register Optimization created 0 cells and removed 0 cells

Phase 7 Post Processing Netlist
Phase 7 Post Processing Netlist | Checksum: 166676326

Time (s): cpu = 00:00:27 ; elapsed = 00:00:34 . Memory (MB): peak = 4328.465 ; gain = 43.773 ; free physical = 24162 ; free virtual = 52009
INFO: [Opt 31-389] Phase Post Processing Netlist created 0 cells and removed 0 cells
INFO: [Opt 31-1021] In phase Post Processing Netlist, 108 netlist objects are constrained preventing optimization. Please run opt_design with -debug_log to get more detail. 
Opt_design Change Summary
=========================


-------------------------------------------------------------------------------------------------------------------------
|  Phase                        |  #Cells created  |  #Cells Removed  |  #Constrained objects preventing optimizations  |
-------------------------------------------------------------------------------------------------------------------------
|  Retarget                     |              40  |            1151  |                                            112  |
|  Constant propagation         |              67  |             104  |                                             85  |
|  Sweep                        |               0  |            1170  |                                           1853  |
|  BUFG optimization            |               0  |               0  |                                              2  |
|  Shift Register Optimization  |               0  |               0  |                                              0  |
|  Post Processing Netlist      |               0  |               0  |                                            108  |
-------------------------------------------------------------------------------------------------------------------------



Starting Connectivity Check Task

Time (s): cpu = 00:00:00.02 ; elapsed = 00:00:00.02 . Memory (MB): peak = 4328.465 ; gain = 0.000 ; free physical = 24162 ; free virtual = 52009
Ending Logic Optimization Task | Checksum: 18c4b9af5

Time (s): cpu = 00:00:27 ; elapsed = 00:00:34 . Memory (MB): peak = 4328.465 ; gain = 43.773 ; free physical = 24162 ; free virtual = 52009

Starting Power Optimization Task
INFO: [Pwropt 34-132] Skipping clock gating for clocks with a period < 2.00 ns.
INFO: [Timing 38-35] Done setting XDC timing constraints.
Running Vector-less Activity Propagation...

Finished Running Vector-less Activity Propagation
WARNING: [Power 33-404] DATARATE_xx properties have zero value for HBM Instance bbq_inst/hbm_heap_entries/inst/ONE_STACK.u_hbm_top/ONE_STACK_HBM.hbm_one_stack_intf. Please ensure correct values are entered for DATARATE to do an accurate power analysis.
INFO: [Pwropt 34-9] Applying IDT optimizations ...
INFO: [Pwropt 34-10] Applying ODC optimizations ...


Starting PowerOpt Patch Enables Task
INFO: [Pwropt 34-162] WRITE_MODE attribute of 131 BRAM(s) out of a total of 460 has been updated to save power. Run report_power_opt to get a complete listing of the BRAMs updated.
INFO: [Pwropt 34-201] Structural ODC has moved 0 WE to EN ports
Number of BRAM Ports augmented: 262 newly gated: 0 Total Ports: 920
Ending PowerOpt Patch Enables Task | Checksum: 17f385838

Time (s): cpu = 00:00:01 ; elapsed = 00:00:01 . Memory (MB): peak = 4832.301 ; gain = 0.000 ; free physical = 24043 ; free virtual = 51890
Ending Power Optimization Task | Checksum: 17f385838

Time (s): cpu = 00:00:28 ; elapsed = 00:00:19 . Memory (MB): peak = 4832.301 ; gain = 503.836 ; free physical = 24105 ; free virtual = 51952

Starting Final Cleanup Task
Ending Final Cleanup Task | Checksum: 17f385838

Time (s): cpu = 00:00:00 ; elapsed = 00:00:00 . Memory (MB): peak = 4832.301 ; gain = 0.000 ; free physical = 24105 ; free virtual = 51952

Starting Netlist Obfuscation Task
Netlist sorting complete. Time (s): cpu = 00:00:00.02 ; elapsed = 00:00:00.02 . Memory (MB): peak = 4832.301 ; gain = 0.000 ; free physical = 24105 ; free virtual = 51952
Ending Netlist Obfuscation Task | Checksum: 1350114f6

Time (s): cpu = 00:00:00.02 ; elapsed = 00:00:00.02 . Memory (MB): peak = 4832.301 ; gain = 0.000 ; free physical = 24105 ; free virtual = 51952
INFO: [Common 17-83] Releasing license: Implementation
163 Infos, 4 Warnings, 1 Critical Warnings and 0 Errors encountered.
opt_design completed successfully
opt_design: Time (s): cpu = 00:01:04 ; elapsed = 00:00:56 . Memory (MB): peak = 4832.301 ; gain = 767.438 ; free physical = 24109 ; free virtual = 51955
INFO: [Timing 38-35] Done setting XDC timing constraints.
INFO: [Timing 38-480] Writing timing data to binary archive.
Writing placer database...
Writing XDEF routing.
Writing XDEF routing logical nets.
Writing XDEF routing special nets.
Write XDEF Complete: Time (s): cpu = 00:00:00.05 ; elapsed = 00:00:00.02 . Memory (MB): peak = 4832.301 ; gain = 0.000 ; free physical = 24094 ; free virtual = 51944
INFO: [Common 17-1381] The checkpoint '/home/gabber/FUDAN/workspace/0803_SBM/new/BBQ_BM/BBQ_BM.runs/impl_1/top_opt.dcp' has been generated.
write_checkpoint: Time (s): cpu = 00:00:11 ; elapsed = 00:00:05 . Memory (MB): peak = 4832.301 ; gain = 0.000 ; free physical = 24077 ; free virtual = 51933
INFO: [runtcl-4] Executing : report_drc -file top_drc_opted.rpt -pb top_drc_opted.pb -rpx top_drc_opted.rpx
Command: report_drc -file top_drc_opted.rpt -pb top_drc_opted.pb -rpx top_drc_opted.rpx
INFO: [IP_Flow 19-1839] IP Catalog is up to date.
INFO: [DRC 23-27] Running DRC with 8 threads
INFO: [Coretcl 2-168] The results of DRC are in file /home/gabber/FUDAN/workspace/0803_SBM/new/BBQ_BM/BBQ_BM.runs/impl_1/top_drc_opted.rpt.
report_drc completed successfully
report_drc: Time (s): cpu = 00:00:19 ; elapsed = 00:00:15 . Memory (MB): peak = 5373.605 ; gain = 541.305 ; free physical = 23434 ; free virtual = 51290
INFO: [Chipscope 16-240] Debug cores have already been implemented
Command: place_design
Attempting to get a license for feature 'Implementation' and/or device 'xcu280'
INFO: [Common 17-349] Got license for feature 'Implementation' and/or device 'xcu280'
INFO: [DRC 23-27] Running DRC with 8 threads
INFO: [Vivado_Tcl 4-198] DRC finished with 0 Errors
INFO: [Vivado_Tcl 4-199] Please refer to the DRC report (report_drc) for more information.
Running DRC as a precondition to command place_design
INFO: [DRC 23-27] Running DRC with 8 threads
WARNING: [DRC REQP-1852] BUFGCE_cascade_from_clock_buf: Cascaded clock buffers exist in the design with constant CE pin. This may result in large clock skew and timing violations. Cell BUFGCE bbq_inst/hbm_heap_entries/inst/ONE_STACK.u_HBM_REF_CLK_BUFG_0 I pin is driven by another clock buffer clk_wiz_inst/inst/clkout2_buf.
INFO: [Vivado_Tcl 4-198] DRC finished with 0 Errors, 1 Warnings
INFO: [Vivado_Tcl 4-199] Please refer to the DRC report (report_drc) for more information.

Starting Placer Task
INFO: [Place 46-113] Running place_design in ultrathreads mode using maximum of 8 CPUs

Phase 1 Placer Initialization

Phase 1.1 Placer Initialization Netlist Sorting
Netlist sorting complete. Time (s): cpu = 00:00:00 ; elapsed = 00:00:00 . Memory (MB): peak = 5373.605 ; gain = 0.000 ; free physical = 23434 ; free virtual = 51290
Phase 1.1 Placer Initialization Netlist Sorting | Checksum: aa93de36

Time (s): cpu = 00:00:00.01 ; elapsed = 00:00:00.03 . Memory (MB): peak = 5373.605 ; gain = 0.000 ; free physical = 23434 ; free virtual = 51290
Netlist sorting complete. Time (s): cpu = 00:00:00.01 ; elapsed = 00:00:00.01 . Memory (MB): peak = 5373.605 ; gain = 0.000 ; free physical = 23442 ; free virtual = 51297

Phase 1.2 IO Placement/ Clock Placement/ Build Placer Device
INFO: [Timing 38-35] Done setting XDC timing constraints.
Phase 1.2 IO Placement/ Clock Placement/ Build Placer Device | Checksum: 18c74f269

Time (s): cpu = 00:00:05 ; elapsed = 00:00:02 . Memory (MB): peak = 5373.605 ; gain = 0.000 ; free physical = 23433 ; free virtual = 51290

Phase 1.3 Build Placer Netlist Model
Phase 1.3 Build Placer Netlist Model | Checksum: 21ff19d01

Time (s): cpu = 00:00:12 ; elapsed = 00:00:06 . Memory (MB): peak = 5657.031 ; gain = 283.426 ; free physical = 23302 ; free virtual = 51158

Phase 1.4 Constrain Clocks/Macros
Phase 1.4 Constrain Clocks/Macros | Checksum: 21ff19d01

Time (s): cpu = 00:00:12 ; elapsed = 00:00:06 . Memory (MB): peak = 5657.031 ; gain = 283.426 ; free physical = 23302 ; free virtual = 51158
Phase 1 Placer Initialization | Checksum: 21ff19d01

Time (s): cpu = 00:00:13 ; elapsed = 00:00:06 . Memory (MB): peak = 5657.031 ; gain = 283.426 ; free physical = 23286 ; free virtual = 51142

Phase 2 Global Placement

Phase 2.1 Floorplanning

Phase 2.1.1 Partition Driven Placement

Phase 2.1.1.1 PBP: Partition Driven Placement
Phase 2.1.1.1 PBP: Partition Driven Placement | Checksum: 1c234f12b

Time (s): cpu = 00:00:21 ; elapsed = 00:00:12 . Memory (MB): peak = 5665.035 ; gain = 291.430 ; free physical = 23180 ; free virtual = 51036

Phase 2.1.1.2 PBP: Clock Region Placement
Phase 2.1.1.2 PBP: Clock Region Placement | Checksum: 1c2ea295f

Time (s): cpu = 00:00:23 ; elapsed = 00:00:14 . Memory (MB): peak = 5665.035 ; gain = 291.430 ; free physical = 23171 ; free virtual = 51027

Phase 2.1.1.3 PBP: Compute Congestion
Phase 2.1.1.3 PBP: Compute Congestion | Checksum: 1c2ea295f

Time (s): cpu = 00:00:24 ; elapsed = 00:00:15 . Memory (MB): peak = 5744.992 ; gain = 371.387 ; free physical = 23068 ; free virtual = 50924

Phase 2.1.1.4 PBP: UpdateTiming
Phase 2.1.1.4 PBP: UpdateTiming | Checksum: 1f5631a54

Time (s): cpu = 00:00:25 ; elapsed = 00:00:15 . Memory (MB): peak = 5744.992 ; gain = 371.387 ; free physical = 23071 ; free virtual = 50927

Phase 2.1.1.5 PBP: Add part constraints
Phase 2.1.1.5 PBP: Add part constraints | Checksum: 1f5631a54

Time (s): cpu = 00:00:25 ; elapsed = 00:00:15 . Memory (MB): peak = 5744.992 ; gain = 371.387 ; free physical = 23071 ; free virtual = 50927
Phase 2.1.1 Partition Driven Placement | Checksum: 1f5631a54

Time (s): cpu = 00:00:25 ; elapsed = 00:00:15 . Memory (MB): peak = 5744.992 ; gain = 371.387 ; free physical = 23079 ; free virtual = 50936
Phase 2.1 Floorplanning | Checksum: 1ceba2a25

Time (s): cpu = 00:00:25 ; elapsed = 00:00:15 . Memory (MB): peak = 5744.992 ; gain = 371.387 ; free physical = 23079 ; free virtual = 50936

Phase 2.2 Update Timing before SLR Path Opt
Phase 2.2 Update Timing before SLR Path Opt | Checksum: 1ceba2a25

Time (s): cpu = 00:00:25 ; elapsed = 00:00:15 . Memory (MB): peak = 5744.992 ; gain = 371.387 ; free physical = 23079 ; free virtual = 50936

Phase 2.3 Global Placement Core
SLR(matching) [0-1]       0     0     1     0     0     0     0     0     0     0     0     0     0     0     0     0  Total:     1
SLR(matching) [1-2]       0     0     1     0     0     0     0     0     0     0     0     0     0     0     0     0  Total:     1
SLR(matching) [0-1]       0     0     1     0     0     0     0     0     0     0     0     0     0     0     0     0  Total:     1
SLR(matching) [1-2]       0     0     1     0     0     0     0     0     0     0     0     0     0     0     0     0  Total:     1
SLR(matching) [0-1]       0     0     1     0     0     0     0     0     0     0     0     0     0     0     0     0  Total:     1
SLR(matching) [1-2]       0     0     1     0     0     0     0     0     0     0     0     0     0     0     0     0  Total:     1
SLR(matching) [0-1]       0     0     1     0     0     0     0     0     0     0     0     0     0     0     0     0  Total:     1
SLR(matching) [1-2]       0     0     1     0     0     0     0     0     0     0     0     0     0     0     0     0  Total:     1
SLR(matching) [0-1]       0     0     1     0     0     0     0     0     0     0     0     0     0     0     0     0  Total:     1
SLR(matching) [1-2]       0     0     1     0     0     0     0     0     0     0     0     0     0     0     0     0  Total:     1
SLR(matching) [0-1]       0     0     1     0     0     0     0     0     0     0     0     0     0     0     0     0  Total:     1
SLR(matching) [1-2]       0     0     1     0     0     0     0     0     0     0     0     0     0     0     0     0  Total:     1
SLR(matching) [0-1]       0     0     1     0     0     0     0     0     0     0     0     0     0     0     0     0  Total:     1
SLR(matching) [1-2]       0     0     1     0     0     0     0     0     0     0     0     0     0     0     0     0  Total:     1
SLR(matching) [0-1]       0     0     1     0     0     0     0     0     0     0     0     0     0     0     0     0  Total:     1
SLR(matching) [1-2]       0     0     1     0     0     0     0     0     0     0     0     0     0     0     0     0  Total:     1
SLR(matching) [0-1]       0     0     1     0     0     0     0     0     0     0     0     0     0     0     0     0  Total:     1
SLR(matching) [1-2]       0     0     1     0     0     0     0     0     0     0     0     0     0     0     0     0  Total:     1

Phase 2.3.1 Physical Synthesis In Placer
INFO: [Physopt 32-1035] Found 0 LUTNM shape to break, 1644 LUT instances to create LUTNM shape
INFO: [Physopt 32-1044] Break lutnm for timing: one critical 0, two critical 0, total 0, new lutff created 0
INFO: [Physopt 32-775] End 1 Pass. Optimized 710 nets or cells. Created 0 new cell, deleted 710 existing cells and moved 0 existing cell
INFO: [Physopt 32-1030] Pass 1. Identified 5 candidate driver sets for equivalent driver rewiring.
INFO: [Physopt 32-661] Optimized 3 nets.  Re-placed 6 instances.
INFO: [Physopt 32-775] End 1 Pass. Optimized 3 nets or cells. Created 0 new cell, deleted 0 existing cell and moved 6 existing cells
Netlist sorting complete. Time (s): cpu = 00:00:00.02 ; elapsed = 00:00:00.02 . Memory (MB): peak = 7311.859 ; gain = 0.000 ; free physical = 23055 ; free virtual = 50912
INFO: [Physopt 32-65] No nets found for high-fanout optimization.
INFO: [Physopt 32-232] Optimized 0 net. Created 0 new instance.
INFO: [Physopt 32-775] End 1 Pass. Optimized 0 net or cell. Created 0 new cell, deleted 0 existing cell and moved 0 existing cell
INFO: [Physopt 32-64] No nets found for fanout-optimization.
INFO: [Physopt 32-232] Optimized 0 net. Created 0 new instance.
INFO: [Physopt 32-775] End 1 Pass. Optimized 0 net or cell. Created 0 new cell, deleted 0 existing cell and moved 0 existing cell
INFO: [Physopt 32-117] Net bbq_inst/next_pointers/U0/inst_blk_mem_gen/gnbram.gnativebmg.native_blk_mem_gen/valid.cstr/ramloop[49].ram.r/prim_noinit.ram/enb_array[0] could not be optimized because driver bbq_inst/next_pointers/U0/inst_blk_mem_gen/gnbram.gnativebmg.native_blk_mem_gen/valid.cstr/ramloop[49].ram.r/prim_noinit.ram/DEVICE_8SERIES.NO_BMM_INFO.SDP.SIMPLE_PRIM36.ram_i_2__0 could not be replicated
INFO: [Physopt 32-117] Net bbq_inst/heap_entries/U0/inst_blk_mem_gen/gnbram.gnativebmg.native_blk_mem_gen/valid.cstr/ramloop[49].ram.r/prim_noinit.ram/enb_array[0] could not be optimized because driver bbq_inst/heap_entries/U0/inst_blk_mem_gen/gnbram.gnativebmg.native_blk_mem_gen/valid.cstr/ramloop[49].ram.r/prim_noinit.ram/DEVICE_8SERIES.NO_BMM_INFO.SDP.SIMPLE_PRIM36.ram_i_2__0 could not be replicated
INFO: [Physopt 32-117] Net bbq_inst/next_pointers/U0/inst_blk_mem_gen/gnbram.gnativebmg.native_blk_mem_gen/valid.cstr/ramloop[37].ram.r/prim_noinit.ram/enb_array[0] could not be optimized because driver bbq_inst/next_pointers/U0/inst_blk_mem_gen/gnbram.gnativebmg.native_blk_mem_gen/valid.cstr/ramloop[37].ram.r/prim_noinit.ram/DEVICE_8SERIES.NO_BMM_INFO.SDP.SIMPLE_PRIM36.ram_i_2__12 could not be replicated
INFO: [Physopt 32-117] Net bbq_inst/heap_entries/U0/inst_blk_mem_gen/gnbram.gnativebmg.native_blk_mem_gen/valid.cstr/ramloop[33].ram.r/prim_noinit.ram/enb_array[0] could not be optimized because driver bbq_inst/heap_entries/U0/inst_blk_mem_gen/gnbram.gnativebmg.native_blk_mem_gen/valid.cstr/ramloop[33].ram.r/prim_noinit.ram/DEVICE_8SERIES.NO_BMM_INFO.SDP.SIMPLE_PRIM36.ram_i_2__3 could not be replicated
INFO: [Physopt 32-117] Net bbq_inst/next_pointers/U0/inst_blk_mem_gen/gnbram.gnativebmg.native_blk_mem_gen/valid.cstr/ramloop[51].ram.r/prim_noinit.ram/enb_array[0] could not be optimized because driver bbq_inst/next_pointers/U0/inst_blk_mem_gen/gnbram.gnativebmg.native_blk_mem_gen/valid.cstr/ramloop[51].ram.r/prim_noinit.ram/DEVICE_8SERIES.NO_BMM_INFO.SDP.SIMPLE_PRIM36.ram_i_2__26 could not be replicated
INFO: [Physopt 32-117] Net bbq_inst/next_pointers/U0/inst_blk_mem_gen/gnbram.gnativebmg.native_blk_mem_gen/valid.cstr/ramloop[41].ram.r/prim_noinit.ram/enb_array[0] could not be optimized because driver bbq_inst/next_pointers/U0/inst_blk_mem_gen/gnbram.gnativebmg.native_blk_mem_gen/valid.cstr/ramloop[41].ram.r/prim_noinit.ram/DEVICE_8SERIES.NO_BMM_INFO.SDP.SIMPLE_PRIM36.ram_i_2__8 could not be replicated
INFO: [Physopt 32-117] Net bbq_inst/next_pointers/U0/inst_blk_mem_gen/gnbram.gnativebmg.native_blk_mem_gen/valid.cstr/ramloop[52].ram.r/prim_noinit.ram/enb_array[0] could not be optimized because driver bbq_inst/next_pointers/U0/inst_blk_mem_gen/gnbram.gnativebmg.native_blk_mem_gen/valid.cstr/ramloop[52].ram.r/prim_noinit.ram/DEVICE_8SERIES.NO_BMM_INFO.SDP.SIMPLE_PRIM36.ram_i_2__11 could not be replicated
INFO: [Physopt 32-117] Net bbq_inst/next_pointers/U0/inst_blk_mem_gen/gnbram.gnativebmg.native_blk_mem_gen/valid.cstr/ramloop[34].ram.r/prim_noinit.ram/enb_array[0] could not be optimized because driver bbq_inst/next_pointers/U0/inst_blk_mem_gen/gnbram.gnativebmg.native_blk_mem_gen/valid.cstr/ramloop[34].ram.r/prim_noinit.ram/DEVICE_8SERIES.NO_BMM_INFO.SDP.SIMPLE_PRIM36.ram_i_2__4 could not be replicated
INFO: [Physopt 32-117] Net bbq_inst/next_pointers/U0/inst_blk_mem_gen/gnbram.gnativebmg.native_blk_mem_gen/valid.cstr/ramloop[62].ram.r/prim_noinit.ram/enb_array[0] could not be optimized because driver bbq_inst/next_pointers/U0/inst_blk_mem_gen/gnbram.gnativebmg.native_blk_mem_gen/valid.cstr/ramloop[62].ram.r/prim_noinit.ram/DEVICE_8SERIES.NO_BMM_INFO.SDP.SIMPLE_PRIM36.ram_i_2__24 could not be replicated
INFO: [Physopt 32-117] Net bbq_inst/next_pointers/U0/inst_blk_mem_gen/gnbram.gnativebmg.native_blk_mem_gen/valid.cstr/ramloop[55].ram.r/prim_noinit.ram/enb_array[0] could not be optimized because driver bbq_inst/next_pointers/U0/inst_blk_mem_gen/gnbram.gnativebmg.native_blk_mem_gen/valid.cstr/ramloop[55].ram.r/prim_noinit.ram/DEVICE_8SERIES.NO_BMM_INFO.SDP.SIMPLE_PRIM36.ram_i_2__21 could not be replicated
INFO: [Physopt 32-117] Net bbq_inst/heap_entries/U0/inst_blk_mem_gen/gnbram.gnativebmg.native_blk_mem_gen/valid.cstr/ramloop[54].ram.r/prim_noinit.ram/enb_array[0] could not be optimized because driver bbq_inst/heap_entries/U0/inst_blk_mem_gen/gnbram.gnativebmg.native_blk_mem_gen/valid.cstr/ramloop[54].ram.r/prim_noinit.ram/DEVICE_8SERIES.NO_BMM_INFO.SDP.SIMPLE_PRIM36.ram_i_2__27 could not be replicated
INFO: [Physopt 32-117] Net bbq_inst/next_pointers/U0/inst_blk_mem_gen/gnbram.gnativebmg.native_blk_mem_gen/valid.cstr/ramloop[58].ram.r/prim_noinit.ram/enb_array[0] could not be optimized because driver bbq_inst/next_pointers/U0/inst_blk_mem_gen/gnbram.gnativebmg.native_blk_mem_gen/valid.cstr/ramloop[58].ram.r/prim_noinit.ram/DEVICE_8SERIES.NO_BMM_INFO.SDP.SIMPLE_PRIM36.ram_i_2__29 could not be replicated
INFO: [Physopt 32-117] Net bbq_inst/next_pointers/U0/inst_blk_mem_gen/gnbram.gnativebmg.native_blk_mem_gen/valid.cstr/ramloop[38].ram.r/prim_noinit.ram/enb_array[0] could not be optimized because driver bbq_inst/next_pointers/U0/inst_blk_mem_gen/gnbram.gnativebmg.native_blk_mem_gen/valid.cstr/ramloop[38].ram.r/prim_noinit.ram/DEVICE_8SERIES.NO_BMM_INFO.SDP.SIMPLE_PRIM36.ram_i_2__14 could not be replicated
INFO: [Physopt 32-117] Net bbq_inst/next_pointers/U0/inst_blk_mem_gen/gnbram.gnativebmg.native_blk_mem_gen/valid.cstr/ramloop[36].ram.r/prim_noinit.ram/enb_array[0] could not be optimized because driver bbq_inst/next_pointers/U0/inst_blk_mem_gen/gnbram.gnativebmg.native_blk_mem_gen/valid.cstr/ramloop[36].ram.r/prim_noinit.ram/DEVICE_8SERIES.NO_BMM_INFO.SDP.SIMPLE_PRIM36.ram_i_2__5 could not be replicated
INFO: [Physopt 32-117] Net bbq_inst/next_pointers/U0/inst_blk_mem_gen/gnbram.gnativebmg.native_blk_mem_gen/valid.cstr/ramloop[40].ram.r/prim_noinit.ram/enb_array[0] could not be optimized because driver bbq_inst/next_pointers/U0/inst_blk_mem_gen/gnbram.gnativebmg.native_blk_mem_gen/valid.cstr/ramloop[40].ram.r/prim_noinit.ram/DEVICE_8SERIES.NO_BMM_INFO.SDP.SIMPLE_PRIM36.ram_i_2__1 could not be replicated
INFO: [Physopt 32-117] Net bbq_inst/next_pointers/U0/inst_blk_mem_gen/gnbram.gnativebmg.native_blk_mem_gen/valid.cstr/ramloop[53].ram.r/prim_noinit.ram/enb_array[0] could not be optimized because driver bbq_inst/next_pointers/U0/inst_blk_mem_gen/gnbram.gnativebmg.native_blk_mem_gen/valid.cstr/ramloop[53].ram.r/prim_noinit.ram/DEVICE_8SERIES.NO_BMM_INFO.SDP.SIMPLE_PRIM36.ram_i_2__25 could not be replicated
INFO: [Physopt 32-117] Net bbq_inst/heap_entries/U0/inst_blk_mem_gen/gnbram.gnativebmg.native_blk_mem_gen/valid.cstr/ramloop[55].ram.r/prim_noinit.ram/enb_array[0] could not be optimized because driver bbq_inst/heap_entries/U0/inst_blk_mem_gen/gnbram.gnativebmg.native_blk_mem_gen/valid.cstr/ramloop[55].ram.r/prim_noinit.ram/DEVICE_8SERIES.NO_BMM_INFO.SDP.SIMPLE_PRIM36.ram_i_2__21 could not be replicated
INFO: [Physopt 32-117] Net bbq_inst/next_pointers/U0/inst_blk_mem_gen/gnbram.gnativebmg.native_blk_mem_gen/valid.cstr/ramloop[42].ram.r/prim_noinit.ram/enb_array[0] could not be optimized because driver bbq_inst/next_pointers/U0/inst_blk_mem_gen/gnbram.gnativebmg.native_blk_mem_gen/valid.cstr/ramloop[42].ram.r/prim_noinit.ram/DEVICE_8SERIES.NO_BMM_INFO.SDP.SIMPLE_PRIM36.ram_i_2__9 could not be replicated
INFO: [Physopt 32-117] Net bbq_inst/next_pointers/U0/inst_blk_mem_gen/gnbram.gnativebmg.native_blk_mem_gen/valid.cstr/ramloop[47].ram.r/prim_noinit.ram/enb_array[0] could not be optimized because driver bbq_inst/next_pointers/U0/inst_blk_mem_gen/gnbram.gnativebmg.native_blk_mem_gen/valid.cstr/ramloop[47].ram.r/prim_noinit.ram/DEVICE_8SERIES.NO_BMM_INFO.SDP.SIMPLE_PRIM36.ram_i_2__22 could not be replicated
INFO: [Physopt 32-117] Net bbq_inst/heap_entries/U0/inst_blk_mem_gen/gnbram.gnativebmg.native_blk_mem_gen/valid.cstr/ramloop[36].ram.r/prim_noinit.ram/enb_array[0] could not be optimized because driver bbq_inst/heap_entries/U0/inst_blk_mem_gen/gnbram.gnativebmg.native_blk_mem_gen/valid.cstr/ramloop[36].ram.r/prim_noinit.ram/DEVICE_8SERIES.NO_BMM_INFO.SDP.SIMPLE_PRIM36.ram_i_2__5 could not be replicated
INFO: [Physopt 32-117] Net bbq_inst/next_pointers/U0/inst_blk_mem_gen/gnbram.gnativebmg.native_blk_mem_gen/valid.cstr/ramloop[46].ram.r/prim_noinit.ram/enb_array[0] could not be optimized because driver bbq_inst/next_pointers/U0/inst_blk_mem_gen/gnbram.gnativebmg.native_blk_mem_gen/valid.cstr/ramloop[46].ram.r/prim_noinit.ram/DEVICE_8SERIES.NO_BMM_INFO.SDP.SIMPLE_PRIM36.ram_i_2__19 could not be replicated
INFO: [Physopt 32-117] Net bbq_inst/heap_entries/U0/inst_blk_mem_gen/gnbram.gnativebmg.native_blk_mem_gen/valid.cstr/ramloop[48].ram.r/prim_noinit.ram/enb_array[0] could not be optimized because driver bbq_inst/heap_entries/U0/inst_blk_mem_gen/gnbram.gnativebmg.native_blk_mem_gen/valid.cstr/ramloop[48].ram.r/prim_noinit.ram/DEVICE_8SERIES.NO_BMM_INFO.SDP.SIMPLE_PRIM36.ram_i_2__2 could not be replicated
INFO: [Physopt 32-117] Net bbq_inst/heap_entries/U0/inst_blk_mem_gen/gnbram.gnativebmg.native_blk_mem_gen/valid.cstr/ramloop[59].ram.r/prim_noinit.ram/enb_array[0] could not be optimized because driver bbq_inst/heap_entries/U0/inst_blk_mem_gen/gnbram.gnativebmg.native_blk_mem_gen/valid.cstr/ramloop[59].ram.r/prim_noinit.ram/DEVICE_8SERIES.NO_BMM_INFO.SDP.SIMPLE_PRIM36.ram_i_2__20 could not be replicated
INFO: [Physopt 32-117] Net bbq_inst/next_pointers/U0/inst_blk_mem_gen/gnbram.gnativebmg.native_blk_mem_gen/valid.cstr/ramloop[60].ram.r/prim_noinit.ram/enb_array[0] could not be optimized because driver bbq_inst/next_pointers/U0/inst_blk_mem_gen/gnbram.gnativebmg.native_blk_mem_gen/valid.cstr/ramloop[60].ram.r/prim_noinit.ram/DEVICE_8SERIES.NO_BMM_INFO.SDP.SIMPLE_PRIM36.ram_i_2__28 could not be replicated
INFO: [Physopt 32-117] Net bbq_inst/heap_entries/U0/inst_blk_mem_gen/gnbram.gnativebmg.native_blk_mem_gen/valid.cstr/ramloop[41].ram.r/prim_noinit.ram/enb_array[0] could not be optimized because driver bbq_inst/heap_entries/U0/inst_blk_mem_gen/gnbram.gnativebmg.native_blk_mem_gen/valid.cstr/ramloop[41].ram.r/prim_noinit.ram/DEVICE_8SERIES.NO_BMM_INFO.SDP.SIMPLE_PRIM36.ram_i_2__8 could not be replicated
INFO: [Physopt 32-117] Net bbq_inst/next_pointers/U0/inst_blk_mem_gen/gnbram.gnativebmg.native_blk_mem_gen/valid.cstr/ramloop[48].ram.r/prim_noinit.ram/enb_array[0] could not be optimized because driver bbq_inst/next_pointers/U0/inst_blk_mem_gen/gnbram.gnativebmg.native_blk_mem_gen/valid.cstr/ramloop[48].ram.r/prim_noinit.ram/DEVICE_8SERIES.NO_BMM_INFO.SDP.SIMPLE_PRIM36.ram_i_2__2 could not be replicated
INFO: [Physopt 32-117] Net bbq_inst/heap_entries/U0/inst_blk_mem_gen/gnbram.gnativebmg.native_blk_mem_gen/valid.cstr/ramloop[57].ram.r/prim_noinit.ram/enb_array[0] could not be optimized because driver bbq_inst/heap_entries/U0/inst_blk_mem_gen/gnbram.gnativebmg.native_blk_mem_gen/valid.cstr/ramloop[57].ram.r/prim_noinit.ram/DEVICE_8SERIES.NO_BMM_INFO.SDP.SIMPLE_PRIM36.ram_i_2__16 could not be replicated
INFO: [Physopt 32-117] Net bbq_inst/heap_entries/U0/inst_blk_mem_gen/gnbram.gnativebmg.native_blk_mem_gen/valid.cstr/ramloop[37].ram.r/prim_noinit.ram/enb_array[0] could not be optimized because driver bbq_inst/heap_entries/U0/inst_blk_mem_gen/gnbram.gnativebmg.native_blk_mem_gen/valid.cstr/ramloop[37].ram.r/prim_noinit.ram/DEVICE_8SERIES.NO_BMM_INFO.SDP.SIMPLE_PRIM36.ram_i_2__12 could not be replicated
INFO: [Physopt 32-117] Net bbq_inst/heap_entries/U0/inst_blk_mem_gen/gnbram.gnativebmg.native_blk_mem_gen/valid.cstr/ramloop[40].ram.r/prim_noinit.ram/enb_array[0] could not be optimized because driver bbq_inst/heap_entries/U0/inst_blk_mem_gen/gnbram.gnativebmg.native_blk_mem_gen/valid.cstr/ramloop[40].ram.r/prim_noinit.ram/DEVICE_8SERIES.NO_BMM_INFO.SDP.SIMPLE_PRIM36.ram_i_2__1 could not be replicated
INFO: [Physopt 32-117] Net bbq_inst/next_pointers/U0/inst_blk_mem_gen/gnbram.gnativebmg.native_blk_mem_gen/valid.cstr/ramloop[33].ram.r/prim_noinit.ram/enb_array[0] could not be optimized because driver bbq_inst/next_pointers/U0/inst_blk_mem_gen/gnbram.gnativebmg.native_blk_mem_gen/valid.cstr/ramloop[33].ram.r/prim_noinit.ram/DEVICE_8SERIES.NO_BMM_INFO.SDP.SIMPLE_PRIM36.ram_i_2__3 could not be replicated
INFO: [Physopt 32-117] Net bbq_inst/heap_entries/U0/inst_blk_mem_gen/gnbram.gnativebmg.native_blk_mem_gen/valid.cstr/ramloop[31].ram.r/prim_noinit.ram/addrb_15_sn_1 could not be optimized because driver bbq_inst/heap_entries/U0/inst_blk_mem_gen/gnbram.gnativebmg.native_blk_mem_gen/valid.cstr/ramloop[31].ram.r/prim_noinit.ram/DEVICE_8SERIES.NO_BMM_INFO.SDP.SIMPLE_PRIM36.ram_i_2__30 could not be replicated
INFO: [Physopt 32-117] Net bbq_inst/heap_entries/U0/inst_blk_mem_gen/gnbram.gnativebmg.native_blk_mem_gen/valid.cstr/ramloop[34].ram.r/prim_noinit.ram/enb_array[0] could not be optimized because driver bbq_inst/heap_entries/U0/inst_blk_mem_gen/gnbram.gnativebmg.native_blk_mem_gen/valid.cstr/ramloop[34].ram.r/prim_noinit.ram/DEVICE_8SERIES.NO_BMM_INFO.SDP.SIMPLE_PRIM36.ram_i_2__4 could not be replicated
INFO: [Physopt 32-117] Net bbq_inst/heap_entries/U0/inst_blk_mem_gen/gnbram.gnativebmg.native_blk_mem_gen/valid.cstr/ramloop[35].ram.r/prim_noinit.ram/enb_array[0] could not be optimized because driver bbq_inst/heap_entries/U0/inst_blk_mem_gen/gnbram.gnativebmg.native_blk_mem_gen/valid.cstr/ramloop[35].ram.r/prim_noinit.ram/DEVICE_8SERIES.NO_BMM_INFO.SDP.SIMPLE_PRIM36.ram_i_2__10 could not be replicated
INFO: [Physopt 32-117] Net bbq_inst/heap_entries/U0/inst_blk_mem_gen/gnbram.gnativebmg.native_blk_mem_gen/valid.cstr/ramloop[45].ram.r/prim_noinit.ram/enb_array[0] could not be optimized because driver bbq_inst/heap_entries/U0/inst_blk_mem_gen/gnbram.gnativebmg.native_blk_mem_gen/valid.cstr/ramloop[45].ram.r/prim_noinit.ram/DEVICE_8SERIES.NO_BMM_INFO.SDP.SIMPLE_PRIM36.ram_i_2__17 could not be replicated
INFO: [Physopt 32-117] Net bbq_inst/heap_entries/U0/inst_blk_mem_gen/gnbram.gnativebmg.native_blk_mem_gen/valid.cstr/ramloop[61].ram.r/prim_noinit.ram/enb_array[0] could not be optimized because driver bbq_inst/heap_entries/U0/inst_blk_mem_gen/gnbram.gnativebmg.native_blk_mem_gen/valid.cstr/ramloop[61].ram.r/prim_noinit.ram/DEVICE_8SERIES.NO_BMM_INFO.SDP.SIMPLE_PRIM36.ram_i_2__23 could not be replicated
INFO: [Physopt 32-117] Net bbq_inst/heap_entries/U0/inst_blk_mem_gen/gnbram.gnativebmg.native_blk_mem_gen/valid.cstr/ramloop[44].ram.r/prim_noinit.ram/enb_array[0] could not be optimized because driver bbq_inst/heap_entries/U0/inst_blk_mem_gen/gnbram.gnativebmg.native_blk_mem_gen/valid.cstr/ramloop[44].ram.r/prim_noinit.ram/DEVICE_8SERIES.NO_BMM_INFO.SDP.SIMPLE_PRIM36.ram_i_2__13 could not be replicated
INFO: [Physopt 32-117] Net bbq_inst/next_pointers/U0/inst_blk_mem_gen/gnbram.gnativebmg.native_blk_mem_gen/valid.cstr/ramloop[32].ram.r/prim_noinit.ram/enb_array[0] could not be optimized because driver bbq_inst/next_pointers/U0/inst_blk_mem_gen/gnbram.gnativebmg.native_blk_mem_gen/valid.cstr/ramloop[32].ram.r/prim_noinit.ram/DEVICE_8SERIES.NO_BMM_INFO.SDP.SIMPLE_PRIM36.ram_i_2 could not be replicated
INFO: [Physopt 32-117] Net bbq_inst/heap_entries/U0/inst_blk_mem_gen/gnbram.gnativebmg.native_blk_mem_gen/valid.cstr/ramloop[38].ram.r/prim_noinit.ram/enb_array[0] could not be optimized because driver bbq_inst/heap_entries/U0/inst_blk_mem_gen/gnbram.gnativebmg.native_blk_mem_gen/valid.cstr/ramloop[38].ram.r/prim_noinit.ram/DEVICE_8SERIES.NO_BMM_INFO.SDP.SIMPLE_PRIM36.ram_i_2__14 could not be replicated
INFO: [Physopt 32-117] Net bbq_inst/next_pointers/U0/inst_blk_mem_gen/gnbram.gnativebmg.native_blk_mem_gen/valid.cstr/bindec_a.bindec_inst_a/ena_array[6] could not be optimized because driver bbq_inst/next_pointers/U0/inst_blk_mem_gen/gnbram.gnativebmg.native_blk_mem_gen/valid.cstr/bindec_a.bindec_inst_a/DEVICE_8SERIES.NO_BMM_INFO.SDP.SIMPLE_PRIM36.ram_i_1__5 could not be replicated
INFO: [Physopt 32-117] Net bbq_inst/next_pointers/U0/inst_blk_mem_gen/gnbram.gnativebmg.native_blk_mem_gen/valid.cstr/bindec_a.bindec_inst_a/ena_array[27] could not be optimized because driver bbq_inst/next_pointers/U0/inst_blk_mem_gen/gnbram.gnativebmg.native_blk_mem_gen/valid.cstr/bindec_a.bindec_inst_a/DEVICE_8SERIES.NO_BMM_INFO.SDP.SIMPLE_PRIM36.ram_i_1__26 could not be replicated
INFO: [Physopt 32-117] Net bbq_inst/next_pointers/U0/inst_blk_mem_gen/gnbram.gnativebmg.native_blk_mem_gen/valid.cstr/bindec_a.bindec_inst_a/ena_array[8] could not be optimized because driver bbq_inst/next_pointers/U0/inst_blk_mem_gen/gnbram.gnativebmg.native_blk_mem_gen/valid.cstr/bindec_a.bindec_inst_a/DEVICE_8SERIES.NO_BMM_INFO.SDP.SIMPLE_PRIM36.ram_i_1__7 could not be replicated
INFO: [Physopt 32-117] Net bbq_inst/next_pointers/U0/inst_blk_mem_gen/gnbram.gnativebmg.native_blk_mem_gen/valid.cstr/bindec_a.bindec_inst_a/ena_array[17] could not be optimized because driver bbq_inst/next_pointers/U0/inst_blk_mem_gen/gnbram.gnativebmg.native_blk_mem_gen/valid.cstr/bindec_a.bindec_inst_a/DEVICE_8SERIES.NO_BMM_INFO.SDP.SIMPLE_PRIM36.ram_i_1__16 could not be replicated
INFO: [Physopt 32-117] Net bbq_inst/heap_entries/U0/inst_blk_mem_gen/gnbram.gnativebmg.native_blk_mem_gen/valid.cstr/ramloop[60].ram.r/prim_noinit.ram/enb_array[0] could not be optimized because driver bbq_inst/heap_entries/U0/inst_blk_mem_gen/gnbram.gnativebmg.native_blk_mem_gen/valid.cstr/ramloop[60].ram.r/prim_noinit.ram/DEVICE_8SERIES.NO_BMM_INFO.SDP.SIMPLE_PRIM36.ram_i_2__28 could not be replicated
INFO: [Physopt 32-117] Net bbq_inst/next_pointers/U0/inst_blk_mem_gen/gnbram.gnativebmg.native_blk_mem_gen/valid.cstr/bindec_a.bindec_inst_a/ena_array[9] could not be optimized because driver bbq_inst/next_pointers/U0/inst_blk_mem_gen/gnbram.gnativebmg.native_blk_mem_gen/valid.cstr/bindec_a.bindec_inst_a/DEVICE_8SERIES.NO_BMM_INFO.SDP.SIMPLE_PRIM36.ram_i_1__8 could not be replicated
INFO: [Physopt 32-117] Net bbq_inst/next_pointers/U0/inst_blk_mem_gen/gnbram.gnativebmg.native_blk_mem_gen/valid.cstr/bindec_a.bindec_inst_a/ena_array[7] could not be optimized because driver bbq_inst/next_pointers/U0/inst_blk_mem_gen/gnbram.gnativebmg.native_blk_mem_gen/valid.cstr/bindec_a.bindec_inst_a/DEVICE_8SERIES.NO_BMM_INFO.SDP.SIMPLE_PRIM36.ram_i_1__6 could not be replicated
INFO: [Physopt 32-117] Net bbq_inst/next_pointers/U0/inst_blk_mem_gen/gnbram.gnativebmg.native_blk_mem_gen/valid.cstr/ramloop[59].ram.r/prim_noinit.ram/enb_array[0] could not be optimized because driver bbq_inst/next_pointers/U0/inst_blk_mem_gen/gnbram.gnativebmg.native_blk_mem_gen/valid.cstr/ramloop[59].ram.r/prim_noinit.ram/DEVICE_8SERIES.NO_BMM_INFO.SDP.SIMPLE_PRIM36.ram_i_2__20 could not be replicated
INFO: [Physopt 32-117] Net bbq_inst/next_pointers/U0/inst_blk_mem_gen/gnbram.gnativebmg.native_blk_mem_gen/valid.cstr/ramloop[47].ram.r/prim_noinit.ram/ena_array[0] could not be optimized because driver bbq_inst/next_pointers/U0/inst_blk_mem_gen/gnbram.gnativebmg.native_blk_mem_gen/valid.cstr/ramloop[47].ram.r/prim_noinit.ram/DEVICE_8SERIES.NO_BMM_INFO.SDP.SIMPLE_PRIM36.ram_i_1__0 could not be replicated
INFO: [Physopt 32-117] Net bbq_inst/next_pointers/U0/inst_blk_mem_gen/gnbram.gnativebmg.native_blk_mem_gen/valid.cstr/bindec_a.bindec_inst_a/ena_array[4] could not be optimized because driver bbq_inst/next_pointers/U0/inst_blk_mem_gen/gnbram.gnativebmg.native_blk_mem_gen/valid.cstr/bindec_a.bindec_inst_a/DEVICE_8SERIES.NO_BMM_INFO.SDP.SIMPLE_PRIM36.ram_i_1__3 could not be replicated
INFO: [Physopt 32-117] Net bbq_inst/next_pointers/U0/inst_blk_mem_gen/gnbram.gnativebmg.native_blk_mem_gen/valid.cstr/bindec_a.bindec_inst_a/ena_array[18] could not be optimized because driver bbq_inst/next_pointers/U0/inst_blk_mem_gen/gnbram.gnativebmg.native_blk_mem_gen/valid.cstr/bindec_a.bindec_inst_a/DEVICE_8SERIES.NO_BMM_INFO.SDP.SIMPLE_PRIM36.ram_i_1__17 could not be replicated
INFO: [Physopt 32-117] Net bbq_inst/next_pointers/U0/inst_blk_mem_gen/gnbram.gnativebmg.native_blk_mem_gen/valid.cstr/ramloop[54].ram.r/prim_noinit.ram/enb_array[0] could not be optimized because driver bbq_inst/next_pointers/U0/inst_blk_mem_gen/gnbram.gnativebmg.native_blk_mem_gen/valid.cstr/ramloop[54].ram.r/prim_noinit.ram/DEVICE_8SERIES.NO_BMM_INFO.SDP.SIMPLE_PRIM36.ram_i_2__27 could not be replicated
INFO: [Physopt 32-117] Net bbq_inst/next_pointers/U0/inst_blk_mem_gen/gnbram.gnativebmg.native_blk_mem_gen/valid.cstr/ramloop[61].ram.r/prim_noinit.ram/enb_array[0] could not be optimized because driver bbq_inst/next_pointers/U0/inst_blk_mem_gen/gnbram.gnativebmg.native_blk_mem_gen/valid.cstr/ramloop[61].ram.r/prim_noinit.ram/DEVICE_8SERIES.NO_BMM_INFO.SDP.SIMPLE_PRIM36.ram_i_2__23 could not be replicated
INFO: [Physopt 32-117] Net bbq_inst/next_pointers/U0/inst_blk_mem_gen/gnbram.gnativebmg.native_blk_mem_gen/valid.cstr/bindec_a.bindec_inst_a/ena_array[2] could not be optimized because driver bbq_inst/next_pointers/U0/inst_blk_mem_gen/gnbram.gnativebmg.native_blk_mem_gen/valid.cstr/bindec_a.bindec_inst_a/DEVICE_8SERIES.NO_BMM_INFO.SDP.SIMPLE_PRIM36.ram_i_1__1 could not be replicated
INFO: [Physopt 32-117] Net bbq_inst/next_pointers/U0/inst_blk_mem_gen/gnbram.gnativebmg.native_blk_mem_gen/valid.cstr/ramloop[50].ram.r/prim_noinit.ram/enb_array[0] could not be optimized because driver bbq_inst/next_pointers/U0/inst_blk_mem_gen/gnbram.gnativebmg.native_blk_mem_gen/valid.cstr/ramloop[50].ram.r/prim_noinit.ram/DEVICE_8SERIES.NO_BMM_INFO.SDP.SIMPLE_PRIM36.ram_i_2__6 could not be replicated
INFO: [Physopt 32-117] Net bbq_inst/hbm_next_pointers/U0/inst_blk_mem_gen/gnbram.gnativebmg.native_blk_mem_gen/valid.cstr/ramloop[38].ram.r/prim_noinit.ram/enb_array[0] could not be optimized because driver bbq_inst/hbm_next_pointers/U0/inst_blk_mem_gen/gnbram.gnativebmg.native_blk_mem_gen/valid.cstr/ramloop[38].ram.r/prim_noinit.ram/DEVICE_8SERIES.NO_BMM_INFO.SDP.SIMPLE_PRIM36.ram_i_2__14 could not be replicated
INFO: [Physopt 32-117] Net bbq_inst/next_pointers/U0/inst_blk_mem_gen/gnbram.gnativebmg.native_blk_mem_gen/valid.cstr/bindec_a.bindec_inst_a/ena_array[13] could not be optimized because driver bbq_inst/next_pointers/U0/inst_blk_mem_gen/gnbram.gnativebmg.native_blk_mem_gen/valid.cstr/bindec_a.bindec_inst_a/DEVICE_8SERIES.NO_BMM_INFO.SDP.SIMPLE_PRIM36.ram_i_1__12 could not be replicated
INFO: [Physopt 32-117] Net bbq_inst/next_pointers/U0/inst_blk_mem_gen/gnbram.gnativebmg.native_blk_mem_gen/valid.cstr/bindec_a.bindec_inst_a/ena_array[20] could not be optimized because driver bbq_inst/next_pointers/U0/inst_blk_mem_gen/gnbram.gnativebmg.native_blk_mem_gen/valid.cstr/bindec_a.bindec_inst_a/DEVICE_8SERIES.NO_BMM_INFO.SDP.SIMPLE_PRIM36.ram_i_1__19 could not be replicated
INFO: [Physopt 32-117] Net bbq_inst/hbm_free_list/U0/inst_fifo_gen/gconvfifo.rf/grf.rf/gntv_or_sync_fifo.gl0.rd/rpntr/enb_array[15] could not be optimized because driver bbq_inst/hbm_free_list/U0/inst_fifo_gen/gconvfifo.rf/grf.rf/gntv_or_sync_fifo.gl0.rd/rpntr/DEVICE_8SERIES.NO_BMM_INFO.SDP.SIMPLE_PRIM36.ram_i_2 could not be replicated
INFO: [Physopt 32-117] Net bbq_inst/next_pointers/U0/inst_blk_mem_gen/gnbram.gnativebmg.native_blk_mem_gen/valid.cstr/bindec_a.bindec_inst_a/ena_array[25] could not be optimized because driver bbq_inst/next_pointers/U0/inst_blk_mem_gen/gnbram.gnativebmg.native_blk_mem_gen/valid.cstr/bindec_a.bindec_inst_a/DEVICE_8SERIES.NO_BMM_INFO.SDP.SIMPLE_PRIM36.ram_i_1__24 could not be replicated
INFO: [Physopt 32-117] Net bbq_inst/previous_pointers/U0/inst_blk_mem_gen/gnbram.gnativebmg.native_blk_mem_gen/valid.cstr/ramloop[61].ram.r/prim_noinit.ram/enb_array[0] could not be optimized because driver bbq_inst/previous_pointers/U0/inst_blk_mem_gen/gnbram.gnativebmg.native_blk_mem_gen/valid.cstr/ramloop[61].ram.r/prim_noinit.ram/DEVICE_8SERIES.NO_BMM_INFO.SDP.SIMPLE_PRIM36.ram_i_2__23 could not be replicated
INFO: [Physopt 32-117] Net bbq_inst/next_pointers/U0/inst_blk_mem_gen/gnbram.gnativebmg.native_blk_mem_gen/valid.cstr/bindec_a.bindec_inst_a/ena_array[1] could not be optimized because driver bbq_inst/next_pointers/U0/inst_blk_mem_gen/gnbram.gnativebmg.native_blk_mem_gen/valid.cstr/bindec_a.bindec_inst_a/DEVICE_8SERIES.NO_BMM_INFO.SDP.SIMPLE_PRIM36.ram_i_1__0 could not be replicated
INFO: [Physopt 32-117] Net bbq_inst/next_pointers/U0/inst_blk_mem_gen/gnbram.gnativebmg.native_blk_mem_gen/valid.cstr/bindec_a.bindec_inst_a/ena_array[23] could not be optimized because driver bbq_inst/next_pointers/U0/inst_blk_mem_gen/gnbram.gnativebmg.native_blk_mem_gen/valid.cstr/bindec_a.bindec_inst_a/DEVICE_8SERIES.NO_BMM_INFO.SDP.SIMPLE_PRIM36.ram_i_1__22 could not be replicated
INFO: [Physopt 32-117] Net bbq_inst/previous_pointers/U0/inst_blk_mem_gen/gnbram.gnativebmg.native_blk_mem_gen/valid.cstr/ramloop[39].ram.r/prim_noinit.ram/ena_array[0] could not be optimized because driver bbq_inst/previous_pointers/U0/inst_blk_mem_gen/gnbram.gnativebmg.native_blk_mem_gen/valid.cstr/ramloop[39].ram.r/prim_noinit.ram/DEVICE_8SERIES.NO_BMM_INFO.SDP.SIMPLE_PRIM36.ram_i_1__2 could not be replicated
INFO: [Physopt 32-117] Net bbq_inst/next_pointers/U0/inst_blk_mem_gen/gnbram.gnativebmg.native_blk_mem_gen/valid.cstr/bindec_a.bindec_inst_a/ena_array[15] could not be optimized because driver bbq_inst/next_pointers/U0/inst_blk_mem_gen/gnbram.gnativebmg.native_blk_mem_gen/valid.cstr/bindec_a.bindec_inst_a/DEVICE_8SERIES.NO_BMM_INFO.SDP.SIMPLE_PRIM36.ram_i_1__14 could not be replicated
INFO: [Physopt 32-117] Net bbq_inst/next_pointers/U0/inst_blk_mem_gen/gnbram.gnativebmg.native_blk_mem_gen/valid.cstr/bindec_a.bindec_inst_a/ena_array[26] could not be optimized because driver bbq_inst/next_pointers/U0/inst_blk_mem_gen/gnbram.gnativebmg.native_blk_mem_gen/valid.cstr/bindec_a.bindec_inst_a/DEVICE_8SERIES.NO_BMM_INFO.SDP.SIMPLE_PRIM36.ram_i_1__25 could not be replicated
INFO: [Physopt 32-117] Net bbq_inst/next_pointers/U0/inst_blk_mem_gen/gnbram.gnativebmg.native_blk_mem_gen/valid.cstr/bindec_a.bindec_inst_a/ena_array[16] could not be optimized because driver bbq_inst/next_pointers/U0/inst_blk_mem_gen/gnbram.gnativebmg.native_blk_mem_gen/valid.cstr/bindec_a.bindec_inst_a/DEVICE_8SERIES.NO_BMM_INFO.SDP.SIMPLE_PRIM36.ram_i_1__15 could not be replicated
INFO: [Physopt 32-117] Net bbq_inst/next_pointers/U0/inst_blk_mem_gen/gnbram.gnativebmg.native_blk_mem_gen/valid.cstr/ramloop[55].ram.r/prim_noinit.ram/ena_array[0] could not be optimized because driver bbq_inst/next_pointers/U0/inst_blk_mem_gen/gnbram.gnativebmg.native_blk_mem_gen/valid.cstr/ramloop[55].ram.r/prim_noinit.ram/DEVICE_8SERIES.NO_BMM_INFO.SDP.SIMPLE_PRIM36.ram_i_1__1 could not be replicated
INFO: [Physopt 32-117] Net bbq_inst/previous_pointers/U0/inst_blk_mem_gen/gnbram.gnativebmg.native_blk_mem_gen/valid.cstr/ramloop[46].ram.r/prim_noinit.ram/enb_array[0] could not be optimized because driver bbq_inst/previous_pointers/U0/inst_blk_mem_gen/gnbram.gnativebmg.native_blk_mem_gen/valid.cstr/ramloop[46].ram.r/prim_noinit.ram/DEVICE_8SERIES.NO_BMM_INFO.SDP.SIMPLE_PRIM36.ram_i_2__19 could not be replicated
INFO: [Physopt 32-117] Net bbq_inst/previous_pointers/U0/inst_blk_mem_gen/gnbram.gnativebmg.native_blk_mem_gen/valid.cstr/ramloop[58].ram.r/prim_noinit.ram/enb_array[0] could not be optimized because driver bbq_inst/previous_pointers/U0/inst_blk_mem_gen/gnbram.gnativebmg.native_blk_mem_gen/valid.cstr/ramloop[58].ram.r/prim_noinit.ram/DEVICE_8SERIES.NO_BMM_INFO.SDP.SIMPLE_PRIM36.ram_i_2__29 could not be replicated
INFO: [Physopt 32-117] Net bbq_inst/next_pointers/U0/inst_blk_mem_gen/gnbram.gnativebmg.native_blk_mem_gen/valid.cstr/bindec_a.bindec_inst_a/ena_array[14] could not be optimized because driver bbq_inst/next_pointers/U0/inst_blk_mem_gen/gnbram.gnativebmg.native_blk_mem_gen/valid.cstr/bindec_a.bindec_inst_a/DEVICE_8SERIES.NO_BMM_INFO.SDP.SIMPLE_PRIM36.ram_i_1__13 could not be replicated
INFO: [Physopt 32-117] Net bbq_inst/previous_pointers/U0/inst_blk_mem_gen/gnbram.gnativebmg.native_blk_mem_gen/valid.cstr/ramloop[50].ram.r/prim_noinit.ram/enb_array[0] could not be optimized because driver bbq_inst/previous_pointers/U0/inst_blk_mem_gen/gnbram.gnativebmg.native_blk_mem_gen/valid.cstr/ramloop[50].ram.r/prim_noinit.ram/DEVICE_8SERIES.NO_BMM_INFO.SDP.SIMPLE_PRIM36.ram_i_2__6 could not be replicated
INFO: [Physopt 32-117] Net bbq_inst/next_pointers/U0/inst_blk_mem_gen/gnbram.gnativebmg.native_blk_mem_gen/valid.cstr/bindec_a.bindec_inst_a/ena_array[19] could not be optimized because driver bbq_inst/next_pointers/U0/inst_blk_mem_gen/gnbram.gnativebmg.native_blk_mem_gen/valid.cstr/bindec_a.bindec_inst_a/DEVICE_8SERIES.NO_BMM_INFO.SDP.SIMPLE_PRIM36.ram_i_1__18 could not be replicated
INFO: [Physopt 32-117] Net bbq_inst/previous_pointers/U0/inst_blk_mem_gen/gnbram.gnativebmg.native_blk_mem_gen/valid.cstr/ramloop[57].ram.r/prim_noinit.ram/enb_array[0] could not be optimized because driver bbq_inst/previous_pointers/U0/inst_blk_mem_gen/gnbram.gnativebmg.native_blk_mem_gen/valid.cstr/ramloop[57].ram.r/prim_noinit.ram/DEVICE_8SERIES.NO_BMM_INFO.SDP.SIMPLE_PRIM36.ram_i_2__16 could not be replicated
INFO: [Physopt 32-117] Net bbq_inst/previous_pointers/U0/inst_blk_mem_gen/gnbram.gnativebmg.native_blk_mem_gen/valid.cstr/ramloop[53].ram.r/prim_noinit.ram/enb_array[0] could not be optimized because driver bbq_inst/previous_pointers/U0/inst_blk_mem_gen/gnbram.gnativebmg.native_blk_mem_gen/valid.cstr/ramloop[53].ram.r/prim_noinit.ram/DEVICE_8SERIES.NO_BMM_INFO.SDP.SIMPLE_PRIM36.ram_i_2__25 could not be replicated
INFO: [Physopt 32-117] Net bbq_inst/previous_pointers/U0/inst_blk_mem_gen/gnbram.gnativebmg.native_blk_mem_gen/valid.cstr/ramloop[49].ram.r/prim_noinit.ram/enb_array[0] could not be optimized because driver bbq_inst/previous_pointers/U0/inst_blk_mem_gen/gnbram.gnativebmg.native_blk_mem_gen/valid.cstr/ramloop[49].ram.r/prim_noinit.ram/DEVICE_8SERIES.NO_BMM_INFO.SDP.SIMPLE_PRIM36.ram_i_2__0 could not be replicated
INFO: [Physopt 32-117] Net bbq_inst/previous_pointers/U0/inst_blk_mem_gen/gnbram.gnativebmg.native_blk_mem_gen/valid.cstr/ramloop[41].ram.r/prim_noinit.ram/enb_array[0] could not be optimized because driver bbq_inst/previous_pointers/U0/inst_blk_mem_gen/gnbram.gnativebmg.native_blk_mem_gen/valid.cstr/ramloop[41].ram.r/prim_noinit.ram/DEVICE_8SERIES.NO_BMM_INFO.SDP.SIMPLE_PRIM36.ram_i_2__8 could not be replicated
INFO: [Physopt 32-117] Net bbq_inst/heap_entries/U0/inst_blk_mem_gen/gnbram.gnativebmg.native_blk_mem_gen/valid.cstr/bindec_a.bindec_inst_a/ena_array[14] could not be optimized because driver bbq_inst/heap_entries/U0/inst_blk_mem_gen/gnbram.gnativebmg.native_blk_mem_gen/valid.cstr/bindec_a.bindec_inst_a/DEVICE_8SERIES.NO_BMM_INFO.SDP.SIMPLE_PRIM36.ram_i_1__13 could not be replicated
INFO: [Physopt 32-117] Net bbq_inst/previous_pointers/U0/inst_blk_mem_gen/gnbram.gnativebmg.native_blk_mem_gen/valid.cstr/ramloop[59].ram.r/prim_noinit.ram/enb_array[0] could not be optimized because driver bbq_inst/previous_pointers/U0/inst_blk_mem_gen/gnbram.gnativebmg.native_blk_mem_gen/valid.cstr/ramloop[59].ram.r/prim_noinit.ram/DEVICE_8SERIES.NO_BMM_INFO.SDP.SIMPLE_PRIM36.ram_i_2__20 could not be replicated
INFO: [Physopt 32-117] Net bbq_inst/hbm_next_pointers/U0/inst_blk_mem_gen/gnbram.gnativebmg.native_blk_mem_gen/valid.cstr/bindec_a.bindec_inst_a/ena_array[10] could not be optimized because driver bbq_inst/hbm_next_pointers/U0/inst_blk_mem_gen/gnbram.gnativebmg.native_blk_mem_gen/valid.cstr/bindec_a.bindec_inst_a/DEVICE_8SERIES.NO_BMM_INFO.SDP.SIMPLE_PRIM36.ram_i_1__9 could not be replicated
INFO: [Physopt 32-117] Net bbq_inst/heap_entries/U0/inst_blk_mem_gen/gnbram.gnativebmg.native_blk_mem_gen/valid.cstr/bindec_a.bindec_inst_a/ena_array[12] could not be optimized because driver bbq_inst/heap_entries/U0/inst_blk_mem_gen/gnbram.gnativebmg.native_blk_mem_gen/valid.cstr/bindec_a.bindec_inst_a/DEVICE_8SERIES.NO_BMM_INFO.SDP.SIMPLE_PRIM36.ram_i_1__11 could not be replicated
INFO: [Physopt 32-117] Net bbq_inst/previous_pointers/U0/inst_blk_mem_gen/gnbram.gnativebmg.native_blk_mem_gen/valid.cstr/ramloop[51].ram.r/prim_noinit.ram/enb_array[0] could not be optimized because driver bbq_inst/previous_pointers/U0/inst_blk_mem_gen/gnbram.gnativebmg.native_blk_mem_gen/valid.cstr/ramloop[51].ram.r/prim_noinit.ram/DEVICE_8SERIES.NO_BMM_INFO.SDP.SIMPLE_PRIM36.ram_i_2__26 could not be replicated
INFO: [Physopt 32-117] Net bbq_inst/hbm_previous_pointers/U0/inst_blk_mem_gen/gnbram.gnativebmg.native_blk_mem_gen/valid.cstr/ramloop[50].ram.r/prim_noinit.ram/enb_array[0] could not be optimized because driver bbq_inst/hbm_previous_pointers/U0/inst_blk_mem_gen/gnbram.gnativebmg.native_blk_mem_gen/valid.cstr/ramloop[50].ram.r/prim_noinit.ram/DEVICE_8SERIES.NO_BMM_INFO.SDP.SIMPLE_PRIM36.ram_i_2__6 could not be replicated
INFO: [Physopt 32-117] Net bbq_inst/previous_pointers/U0/inst_blk_mem_gen/gnbram.gnativebmg.native_blk_mem_gen/valid.cstr/ramloop[39].ram.r/prim_noinit.ram/enb_array[0] could not be optimized because driver bbq_inst/previous_pointers/U0/inst_blk_mem_gen/gnbram.gnativebmg.native_blk_mem_gen/valid.cstr/ramloop[39].ram.r/prim_noinit.ram/DEVICE_8SERIES.NO_BMM_INFO.SDP.SIMPLE_PRIM36.ram_i_2__15 could not be replicated
INFO: [Physopt 32-68] No nets found for critical-cell optimization.
INFO: [Physopt 32-232] Optimized 0 net. Created 0 new instance.
INFO: [Physopt 32-775] End 1 Pass. Optimized 0 net or cell. Created 0 new cell, deleted 0 existing cell and moved 0 existing cell
INFO: [Physopt 32-456] No candidate cells for DSP register optimization found in the design.
INFO: [Physopt 32-775] End 2 Pass. Optimized 0 net or cell. Created 0 new cell, deleted 0 existing cell and moved 0 existing cell
INFO: [Physopt 32-1123] No candidate cells found for Shift Register to Pipeline optimization
INFO: [Physopt 32-775] End 1 Pass. Optimized 0 net or cell. Created 0 new cell, deleted 0 existing cell and moved 0 existing cell
INFO: [Physopt 32-677] No candidate cells for Shift Register optimization found in the design
INFO: [Physopt 32-775] End 1 Pass. Optimized 0 net or cell. Created 0 new cell, deleted 0 existing cell and moved 0 existing cell
INFO: [Physopt 32-526] No candidate cells for BRAM register optimization found in the design
INFO: [Physopt 32-775] End 1 Pass. Optimized 0 net or cell. Created 0 new cell, deleted 0 existing cell and moved 0 existing cell
INFO: [Physopt 32-846] No candidate cells for URAM register optimization found in the design
INFO: [Physopt 32-775] End 2 Pass. Optimized 0 net or cell. Created 0 new cell, deleted 0 existing cell and moved 0 existing cell
INFO: [Physopt 32-949] No candidate nets found for dynamic/static region interface net replication
INFO: [Physopt 32-775] End 1 Pass. Optimized 0 net or cell. Created 0 new cell, deleted 0 existing cell and moved 0 existing cell
Netlist sorting complete. Time (s): cpu = 00:00:00 ; elapsed = 00:00:00.01 . Memory (MB): peak = 7311.859 ; gain = 0.000 ; free physical = 23055 ; free virtual = 50912

Summary of Physical Synthesis Optimizations
============================================


-----------------------------------------------------------------------------------------------------------------------------------------------------------
|  Optimization                                     |  Added Cells  |  Removed Cells  |  Optimized Cells/Nets  |  Dont Touch  |  Iterations  |  Elapsed   |
-----------------------------------------------------------------------------------------------------------------------------------------------------------
|  LUT Combining                                    |            0  |            710  |                   710  |           0  |           1  |  00:00:01  |
|  Equivalent Driver Rewiring                       |            0  |              0  |                     3  |           0  |           1  |  00:00:00  |
|  Very High Fanout                                 |            0  |              0  |                     0  |           0  |           1  |  00:00:00  |
|  Fanout                                           |            0  |              0  |                     0  |           0  |           1  |  00:00:00  |
|  Critical Cell                                    |            0  |              0  |                     0  |           0  |           1  |  00:00:00  |
|  DSP Register                                     |            0  |              0  |                     0  |           0  |           1  |  00:00:00  |
|  Shift Register to Pipeline                       |            0  |              0  |                     0  |           0  |           1  |  00:00:00  |
|  Shift Register                                   |            0  |              0  |                     0  |           0  |           1  |  00:00:00  |
|  BRAM Register                                    |            0  |              0  |                     0  |           0  |           1  |  00:00:00  |
|  URAM Register                                    |            0  |              0  |                     0  |           0  |           1  |  00:00:00  |
|  Dynamic/Static Region Interface Net Replication  |            0  |              0  |                     0  |           0  |           1  |  00:00:00  |
|  Total                                            |            0  |            710  |                   713  |           0  |          11  |  00:00:01  |
-----------------------------------------------------------------------------------------------------------------------------------------------------------


Phase 2.3.1 Physical Synthesis In Placer | Checksum: 12b0ec249

Time (s): cpu = 00:01:16 ; elapsed = 00:00:44 . Memory (MB): peak = 7311.859 ; gain = 1938.254 ; free physical = 23062 ; free virtual = 50918
SLR(matching) [0-1]       0     0     0     0     0     1     0     0     0     0     0     0     0     0     0     0  Total:     1
SLR(matching) [1-2]       0     0     0     0     0     1     0     0     0     0     0     0     0     0     0     0  Total:     1
Phase 2.3 Global Placement Core | Checksum: 16f197528

Time (s): cpu = 00:01:22 ; elapsed = 00:00:48 . Memory (MB): peak = 7311.859 ; gain = 1938.254 ; free physical = 22974 ; free virtual = 50830
Phase 2 Global Placement | Checksum: 16f197528

Time (s): cpu = 00:01:22 ; elapsed = 00:00:48 . Memory (MB): peak = 7311.859 ; gain = 1938.254 ; free physical = 23060 ; free virtual = 50916

Phase 3 Detail Placement

Phase 3.1 Commit Multi Column Macros
Phase 3.1 Commit Multi Column Macros | Checksum: 20b963574

Time (s): cpu = 00:01:24 ; elapsed = 00:00:50 . Memory (MB): peak = 7311.859 ; gain = 1938.254 ; free physical = 23065 ; free virtual = 50921

Phase 3.2 Commit Most Macros & LUTRAMs
SLR(matching) [0-1]       0     0     0     0     0     1     0     0     0     0     0     0     0     0     0     0  Total:     1
SLR(matching) [1-2]       0     0     0     0     0     1     0     0     0     0     0     0     0     0     0     0  Total:     1
Phase 3.2 Commit Most Macros & LUTRAMs | Checksum: 249642a37

Time (s): cpu = 00:01:26 ; elapsed = 00:00:51 . Memory (MB): peak = 7311.859 ; gain = 1938.254 ; free physical = 23027 ; free virtual = 50883

Phase 3.3 Area Swap Optimization
Phase 3.3 Area Swap Optimization | Checksum: 225c69ef4

Time (s): cpu = 00:01:27 ; elapsed = 00:00:53 . Memory (MB): peak = 7311.859 ; gain = 1938.254 ; free physical = 23067 ; free virtual = 50923

Phase 3.4 IO Cut Optimizer
Phase 3.4 IO Cut Optimizer | Checksum: 20f2e141a

Time (s): cpu = 00:01:30 ; elapsed = 00:00:53 . Memory (MB): peak = 7311.859 ; gain = 1938.254 ; free physical = 23062 ; free virtual = 50919

Phase 3.5 Fast Optimization
Phase 3.5 Fast Optimization | Checksum: 206aa47c7

Time (s): cpu = 00:01:32 ; elapsed = 00:00:54 . Memory (MB): peak = 7311.859 ; gain = 1938.254 ; free physical = 23060 ; free virtual = 50916

Phase 3.6 Small Shape DP

Phase 3.6.1 splitSLRCrossingNets
SLR(matching) [0-1]       0     0     0     0     0     1     0     0     0     0     0     0     0     0     0     0  Total:     1
SLR(matching) [1-2]       0     0     0     0     0     1     0     0     0     0     0     0     0     0     0     0  Total:     1
Phase 3.6.1 splitSLRCrossingNets | Checksum: 25b2c4a51

Time (s): cpu = 00:01:34 ; elapsed = 00:00:57 . Memory (MB): peak = 7311.859 ; gain = 1938.254 ; free physical = 23061 ; free virtual = 50918
Phase 3.6 Small Shape DP | Checksum: 1e44ef5c2

Time (s): cpu = 00:01:42 ; elapsed = 00:01:00 . Memory (MB): peak = 7311.859 ; gain = 1938.254 ; free physical = 22892 ; free virtual = 50749

Phase 3.7 Re-assign LUT pins
Phase 3.7 Re-assign LUT pins | Checksum: 13921ef5b

Time (s): cpu = 00:01:42 ; elapsed = 00:01:01 . Memory (MB): peak = 7311.859 ; gain = 1938.254 ; free physical = 22892 ; free virtual = 50749

Phase 3.8 Fast Optimization
Phase 3.8 Fast Optimization | Checksum: 1af575343

Time (s): cpu = 00:01:49 ; elapsed = 00:01:03 . Memory (MB): peak = 7311.859 ; gain = 1938.254 ; free physical = 22893 ; free virtual = 50749
Phase 3 Detail Placement | Checksum: 1af575343

Time (s): cpu = 00:01:49 ; elapsed = 00:01:03 . Memory (MB): peak = 7311.859 ; gain = 1938.254 ; free physical = 22893 ; free virtual = 50749

Phase 4 Post Placement Optimization and Clean-Up

Phase 4.1 Post Commit Optimization
INFO: [Timing 38-35] Done setting XDC timing constraints.

Phase 4.1.1 Post Placement Optimization
Post Placement Optimization Initialization | Checksum: 10dc28183

Phase 4.1.1.1 BUFG Insertion

Starting Physical Synthesis Task

Phase 1 Physical Synthesis Initialization
INFO: [Physopt 32-721] Multithreading enabled for phys_opt_design using a maximum of 8 CPUs
INFO: [Physopt 32-619] Estimated Timing Summary | WNS=0.149 | TNS=0.000 |
Phase 1 Physical Synthesis Initialization | Checksum: 1ac1a2aca

Time (s): cpu = 00:00:01 ; elapsed = 00:00:00.29 . Memory (MB): peak = 7311.859 ; gain = 0.000 ; free physical = 22877 ; free virtual = 50733
INFO: [Physopt 32-712] Optimization is not feasible on net locked due to MARK_DEBUG attribute.
INFO: [Place 46-32] Processed net clk_wiz_inst/inst/locked, BUFG insertion was skipped because the netlist could not be updated.
INFO: [Place 46-56] BUFG insertion identified 1 candidate nets. Inserted BUFG: 0, Replicated BUFG Driver: 0, Skipped due to Placement/Routing Conflicts: 0, Skipped due to Timing Degradation: 0, Skipped due to Illegal Netlist: 1.
Ending Physical Synthesis Task | Checksum: e9d6723f

Time (s): cpu = 00:00:02 ; elapsed = 00:00:00.78 . Memory (MB): peak = 7311.859 ; gain = 0.000 ; free physical = 22875 ; free virtual = 50732
Phase 4.1.1.1 BUFG Insertion | Checksum: 10dc28183

Time (s): cpu = 00:02:01 ; elapsed = 00:01:08 . Memory (MB): peak = 7311.859 ; gain = 1938.254 ; free physical = 22877 ; free virtual = 50733

Phase 4.1.1.2 BUFG Replication
INFO: [Place 46-63] BUFG replication identified 0 candidate nets: Replicated nets: 0, Replicated BUFGs: 0, Replicated BUFG Driver: 0, Skipped due to Placement / Routing Conflict: 0, Skipped due to Timing: 0, Skipped due to constraints: 0
Phase 4.1.1.2 BUFG Replication | Checksum: 10dc28183

Time (s): cpu = 00:02:01 ; elapsed = 00:01:08 . Memory (MB): peak = 7311.859 ; gain = 1938.254 ; free physical = 22877 ; free virtual = 50733
INFO: [Place 30-746] Post Placement Timing Summary WNS=0.512. For the most accurate timing information please run report_timing.

Phase 4.1.1.3 Replication
INFO: [Place 46-19] Post Replication Timing Summary WNS=0.512. For the most accurate timing information please run report_timing.
Phase 4.1.1.3 Replication | Checksum: 1202f520a

Time (s): cpu = 00:02:04 ; elapsed = 00:01:11 . Memory (MB): peak = 7311.859 ; gain = 1938.254 ; free physical = 22884 ; free virtual = 50740

Time (s): cpu = 00:02:04 ; elapsed = 00:01:11 . Memory (MB): peak = 7311.859 ; gain = 1938.254 ; free physical = 22887 ; free virtual = 50743
Phase 4.1 Post Commit Optimization | Checksum: 1202f520a

Time (s): cpu = 00:02:04 ; elapsed = 00:01:11 . Memory (MB): peak = 7311.859 ; gain = 1938.254 ; free physical = 22887 ; free virtual = 50743
Netlist sorting complete. Time (s): cpu = 00:00:00 ; elapsed = 00:00:00.01 . Memory (MB): peak = 7311.859 ; gain = 0.000 ; free physical = 22890 ; free virtual = 50746

Phase 4.2 Post Placement Cleanup
Phase 4.2 Post Placement Cleanup | Checksum: 1f80da36f

Time (s): cpu = 00:02:13 ; elapsed = 00:01:19 . Memory (MB): peak = 7311.859 ; gain = 1938.254 ; free physical = 22944 ; free virtual = 50801

Phase 4.3 Placer Reporting

Phase 4.3.1 Print Estimated Congestion
INFO: [Place 30-612] Post-Placement Estimated Congestion 
 ________________________________________________________________________
|           | Global Congestion | Long Congestion   | Short Congestion  |
| Direction | Region Size       | Region Size       | Region Size       |
|___________|___________________|___________________|___________________|
|      North|                1x1|                1x1|                2x2|
|___________|___________________|___________________|___________________|
|      South|                1x1|                1x1|                1x1|
|___________|___________________|___________________|___________________|
|       East|                1x1|                1x1|                2x2|
|___________|___________________|___________________|___________________|
|       West|                1x1|                1x1|                2x2|
|___________|___________________|___________________|___________________|

Phase 4.3.1 Print Estimated Congestion | Checksum: 1f80da36f

Time (s): cpu = 00:02:13 ; elapsed = 00:01:20 . Memory (MB): peak = 7311.859 ; gain = 1938.254 ; free physical = 22944 ; free virtual = 50801
Phase 4.3 Placer Reporting | Checksum: 1f80da36f

Time (s): cpu = 00:02:13 ; elapsed = 00:01:20 . Memory (MB): peak = 7311.859 ; gain = 1938.254 ; free physical = 22944 ; free virtual = 50801

Phase 4.4 Final Placement Cleanup
Netlist sorting complete. Time (s): cpu = 00:00:00 ; elapsed = 00:00:00 . Memory (MB): peak = 7311.859 ; gain = 0.000 ; free physical = 22944 ; free virtual = 50801

Time (s): cpu = 00:02:13 ; elapsed = 00:01:20 . Memory (MB): peak = 7311.859 ; gain = 1938.254 ; free physical = 22944 ; free virtual = 50801
Phase 4 Post Placement Optimization and Clean-Up | Checksum: 2a7cccb09

Time (s): cpu = 00:02:13 ; elapsed = 00:01:20 . Memory (MB): peak = 7311.859 ; gain = 1938.254 ; free physical = 22944 ; free virtual = 50801
Ending Placer Task | Checksum: 256f39d38

Time (s): cpu = 00:02:13 ; elapsed = 00:01:20 . Memory (MB): peak = 7311.859 ; gain = 1938.254 ; free physical = 22944 ; free virtual = 50801
INFO: [Common 17-83] Releasing license: Implementation
300 Infos, 5 Warnings, 1 Critical Warnings and 0 Errors encountered.
place_design completed successfully
place_design: Time (s): cpu = 00:02:17 ; elapsed = 00:01:21 . Memory (MB): peak = 7311.859 ; gain = 1938.254 ; free physical = 23358 ; free virtual = 51215
INFO: [Timing 38-480] Writing timing data to binary archive.
Writing placer database...
Writing XDEF routing.
Writing XDEF routing logical nets.
Writing XDEF routing special nets.
Write XDEF Complete: Time (s): cpu = 00:00:03 ; elapsed = 00:00:00.91 . Memory (MB): peak = 7311.859 ; gain = 0.000 ; free physical = 23304 ; free virtual = 51203
INFO: [Common 17-1381] The checkpoint '/home/gabber/FUDAN/workspace/0803_SBM/new/BBQ_BM/BBQ_BM.runs/impl_1/top_placed.dcp' has been generated.
INFO: [runtcl-4] Executing : report_io -file top_io_placed.rpt
report_io: Time (s): cpu = 00:00:00.25 ; elapsed = 00:00:00.34 . Memory (MB): peak = 7311.859 ; gain = 0.000 ; free physical = 23269 ; free virtual = 51139
INFO: [runtcl-4] Executing : report_utilization -file top_utilization_placed.rpt -pb top_utilization_placed.pb
INFO: [runtcl-4] Executing : report_control_sets -verbose -file top_control_sets_placed.rpt
report_control_sets: Time (s): cpu = 00:00:00.07 ; elapsed = 00:00:00.14 . Memory (MB): peak = 7311.859 ; gain = 0.000 ; free physical = 23329 ; free virtual = 51199
Command: phys_opt_design
Attempting to get a license for feature 'Implementation' and/or device 'xcu280'
INFO: [Common 17-349] Got license for feature 'Implementation' and/or device 'xcu280'
INFO: [Vivado_Tcl 4-383] Design worst setup slack (WNS) is greater than or equal to 0.000 ns. Skipping all physical synthesis optimizations.
INFO: [Vivado_Tcl 4-232] No setup violation found. The netlist was not modified.
INFO: [Common 17-83] Releasing license: Implementation
309 Infos, 5 Warnings, 1 Critical Warnings and 0 Errors encountered.
phys_opt_design completed successfully
INFO: [Timing 38-480] Writing timing data to binary archive.
Writing placer database...
Writing XDEF routing.
Writing XDEF routing logical nets.
Writing XDEF routing special nets.
Write XDEF Complete: Time (s): cpu = 00:00:03 ; elapsed = 00:00:00.93 . Memory (MB): peak = 7311.859 ; gain = 0.000 ; free physical = 23249 ; free virtual = 51162
INFO: [Common 17-1381] The checkpoint '/home/gabber/FUDAN/workspace/0803_SBM/new/BBQ_BM/BBQ_BM.runs/impl_1/top_physopt.dcp' has been generated.
Command: route_design
Attempting to get a license for feature 'Implementation' and/or device 'xcu280'
INFO: [Common 17-349] Got license for feature 'Implementation' and/or device 'xcu280'
Running DRC as a precondition to command route_design
INFO: [DRC 23-27] Running DRC with 8 threads
INFO: [Vivado_Tcl 4-198] DRC finished with 0 Errors
INFO: [Vivado_Tcl 4-199] Please refer to the DRC report (report_drc) for more information.


Starting Routing Task
INFO: [Route 35-254] Multithreading enabled for route_design using a maximum of 8 CPUs
Checksum: PlaceDB: b7072cf1 ConstDB: 0 ShapeSum: c80e1ee2 RouteDB: d7de5165

Phase 1 Build RT Design
Nodegraph reading from file.  Time (s): cpu = 00:00:01 ; elapsed = 00:00:01 . Memory (MB): peak = 7311.859 ; gain = 0.000 ; free physical = 22818 ; free virtual = 50701
Phase 1 Build RT Design | Checksum: 0a4511b6

Time (s): cpu = 00:00:19 ; elapsed = 00:00:12 . Memory (MB): peak = 7311.859 ; gain = 0.000 ; free physical = 22827 ; free virtual = 50710
Post Restoration Checksum: NetGraph: 57c4dc09 NumContArr: cc4ee0dc Constraints: af18af87 Timing: 0

Phase 2 Router Initialization

Phase 2.1 Fix Topology Constraints
Phase 2.1 Fix Topology Constraints | Checksum: 1d32c6c6c

Time (s): cpu = 00:00:19 ; elapsed = 00:00:12 . Memory (MB): peak = 7311.859 ; gain = 0.000 ; free physical = 22687 ; free virtual = 50569

Phase 2.2 Pre Route Cleanup
Phase 2.2 Pre Route Cleanup | Checksum: 1d32c6c6c

Time (s): cpu = 00:00:19 ; elapsed = 00:00:12 . Memory (MB): peak = 7311.859 ; gain = 0.000 ; free physical = 22687 ; free virtual = 50569

Phase 2.3 Global Clock Net Routing
 Number of Nodes with overlaps = 0
Phase 2.3 Global Clock Net Routing | Checksum: 2078a0862

Time (s): cpu = 00:00:24 ; elapsed = 00:00:16 . Memory (MB): peak = 7311.859 ; gain = 0.000 ; free physical = 22672 ; free virtual = 50555

Phase 2.4 Update Timing
Phase 2.4 Update Timing | Checksum: 25dfbfa0b

Time (s): cpu = 00:00:29 ; elapsed = 00:00:18 . Memory (MB): peak = 7311.859 ; gain = 0.000 ; free physical = 22669 ; free virtual = 50552
INFO: [Route 35-416] Intermediate Timing Summary | WNS=0.551  | TNS=0.000  | WHS=-1.309 | THS=-598.482|


Phase 2.5 Update Timing for Bus Skew

Phase 2.5.1 Update Timing
Phase 2.5.1 Update Timing | Checksum: 2a396a915

Time (s): cpu = 00:00:41 ; elapsed = 00:00:22 . Memory (MB): peak = 7311.859 ; gain = 0.000 ; free physical = 22635 ; free virtual = 50518
INFO: [Route 35-416] Intermediate Timing Summary | WNS=0.551  | TNS=0.000  | WHS=N/A    | THS=N/A    |

Phase 2.5 Update Timing for Bus Skew | Checksum: 2a4f7b7c0

Time (s): cpu = 00:00:41 ; elapsed = 00:00:22 . Memory (MB): peak = 7311.859 ; gain = 0.000 ; free physical = 22635 ; free virtual = 50518
Phase 2 Router Initialization | Checksum: 2d01abf8c

Time (s): cpu = 00:00:41 ; elapsed = 00:00:22 . Memory (MB): peak = 7311.859 ; gain = 0.000 ; free physical = 22635 ; free virtual = 50518

Router Utilization Summary
  Global Vertical Routing Utilization    = 0.000219236 %
  Global Horizontal Routing Utilization  = 0.00052534 %
  Routable Net Status*
  *Does not include unroutable nets such as driverless and loadless.
  Run report_route_status for detailed report.
  Number of Failed Nets               = 23378
    (Failed Nets is the sum of unrouted and partially routed nets)
  Number of Unrouted Nets             = 19615
  Number of Partially Routed Nets     = 3763
  Number of Node Overlaps             = 3


Phase 3 Initial Routing

Phase 3.1 Global Routing
Phase 3.1 Global Routing | Checksum: 2d01abf8c

Time (s): cpu = 00:00:45 ; elapsed = 00:00:23 . Memory (MB): peak = 7311.859 ; gain = 0.000 ; free physical = 22644 ; free virtual = 50527
Phase 3 Initial Routing | Checksum: 1b6872eba

Time (s): cpu = 00:01:10 ; elapsed = 00:00:38 . Memory (MB): peak = 7311.859 ; gain = 0.000 ; free physical = 22500 ; free virtual = 50383
INFO: [Route 35-580] Design has 415 pins with tight setup and hold constraints.

The top 5 pins with tight setup and hold constraints:

+--------------------------+--------------------------+----------------------------------------------------------------------------------------------------------+
|       Launch Clock       |      Capture Clock       |                                                 Pin                                                      |
+--------------------------+--------------------------+----------------------------------------------------------------------------------------------------------+
|      axi_clk_clk_wiz_0_1 |      axi_clk_clk_wiz_0_1 |bbq_inst/hbm_heap_entries/inst/ONE_STACK.u_hbm_top/ONE_STACK_HBM.hbm_one_stack_intf/HBM_SNGLBLI_INTF_AXI<0>_INST/BREADY|
|      axi_clk_clk_wiz_0_1 |      axi_clk_clk_wiz_0_1 |bbq_inst/ila_1/inst/ila_core_inst/u_trig/U_TM/N_DDR_MODE.G_NMU[0].U_M/allx_typeA_match_detection.ltlib_v1_0_0_allx_typeA_inst/probeDelay1_reg[1]/D|
|      axi_clk_clk_wiz_0_1 |      axi_clk_clk_wiz_0_1 |bbq_inst/ila_1/inst/ila_core_inst/u_trig/U_TM/N_DDR_MODE.G_NMU[0].U_M/allx_typeA_match_detection.ltlib_v1_0_0_allx_typeA_inst/probeDelay1_reg[3]/D|
|      axi_clk_clk_wiz_0_1 |      axi_clk_clk_wiz_0_1 |bbq_inst/ila_1/inst/ila_core_inst/u_trig/U_TM/N_DDR_MODE.G_NMU[0].U_M/allx_typeA_match_detection.ltlib_v1_0_0_allx_typeA_inst/probeDelay1_reg[0]/D|
|      axi_clk_clk_wiz_0_1 |      axi_clk_clk_wiz_0_1 |bbq_inst/ila_1/inst/ila_core_inst/u_trig/U_TM/N_DDR_MODE.G_NMU[0].U_M/allx_typeA_match_detection.ltlib_v1_0_0_allx_typeA_inst/probeDelay1_reg[4]/D|
+--------------------------+--------------------------+----------------------------------------------------------------------------------------------------------+

File with complete list of pins: tight_setup_hold_pins.txt


Phase 4 Rip-up And Reroute

Phase 4.1 Global Iteration 0
 Number of Nodes with overlaps = 5995
 Number of Nodes with overlaps = 2355
 Number of Nodes with overlaps = 3036
 Number of Nodes with overlaps = 2844
 Number of Nodes with overlaps = 2289
 Number of Nodes with overlaps = 1360
 Number of Nodes with overlaps = 1056
 Number of Nodes with overlaps = 558
 Number of Nodes with overlaps = 10
 Number of Nodes with overlaps = 0
INFO: [Route 35-416] Intermediate Timing Summary | WNS=0.220  | TNS=0.000  | WHS=-0.419 | THS=-4.853 |

Phase 4.1 Global Iteration 0 | Checksum: 1d40c66c2

Time (s): cpu = 00:03:16 ; elapsed = 00:01:18 . Memory (MB): peak = 7311.859 ; gain = 0.000 ; free physical = 21949 ; free virtual = 50061

Phase 4.2 Global Iteration 1
 Number of Nodes with overlaps = 34
 Number of Nodes with overlaps = 2
 Number of Nodes with overlaps = 1
 Number of Nodes with overlaps = 0
INFO: [Route 35-416] Intermediate Timing Summary | WNS=0.220  | TNS=0.000  | WHS=N/A    | THS=N/A    |

Phase 4.2 Global Iteration 1 | Checksum: 1c5d4d084

Time (s): cpu = 00:03:35 ; elapsed = 00:01:32 . Memory (MB): peak = 7311.859 ; gain = 0.000 ; free physical = 21915 ; free virtual = 49989

Phase 4.3 Global Iteration 2
 Number of Nodes with overlaps = 188
 Number of Nodes with overlaps = 21
 Number of Nodes with overlaps = 5
 Number of Nodes with overlaps = 1
 Number of Nodes with overlaps = 0
INFO: [Route 35-416] Intermediate Timing Summary | WNS=0.220  | TNS=0.000  | WHS=N/A    | THS=N/A    |

Phase 4.3 Global Iteration 2 | Checksum: 228bdd592

Time (s): cpu = 00:03:41 ; elapsed = 00:01:37 . Memory (MB): peak = 7311.859 ; gain = 0.000 ; free physical = 21924 ; free virtual = 49991
Phase 4 Rip-up And Reroute | Checksum: 228bdd592

Time (s): cpu = 00:03:41 ; elapsed = 00:01:37 . Memory (MB): peak = 7311.859 ; gain = 0.000 ; free physical = 21925 ; free virtual = 49992

Phase 5 Delay and Skew Optimization

Phase 5.1 Delay CleanUp

Phase 5.1.1 Update Timing
Phase 5.1.1 Update Timing | Checksum: 29169bf71

Time (s): cpu = 00:03:46 ; elapsed = 00:01:39 . Memory (MB): peak = 7311.859 ; gain = 0.000 ; free physical = 21595 ; free virtual = 49790
INFO: [Route 35-416] Intermediate Timing Summary | WNS=0.220  | TNS=0.000  | WHS=-0.419 | THS=-0.784 |

Phase 5.1 Delay CleanUp | Checksum: 20a415ac6

Time (s): cpu = 00:03:46 ; elapsed = 00:01:39 . Memory (MB): peak = 7311.859 ; gain = 0.000 ; free physical = 21586 ; free virtual = 49781

Phase 5.2 Clock Skew Optimization
Phase 5.2 Clock Skew Optimization | Checksum: 20a415ac6

Time (s): cpu = 00:03:46 ; elapsed = 00:01:39 . Memory (MB): peak = 7311.859 ; gain = 0.000 ; free physical = 21571 ; free virtual = 49770
Phase 5 Delay and Skew Optimization | Checksum: 20a415ac6

Time (s): cpu = 00:03:46 ; elapsed = 00:01:39 . Memory (MB): peak = 7311.859 ; gain = 0.000 ; free physical = 21556 ; free virtual = 49759

Phase 6 Post Hold Fix

Phase 6.1 Hold Fix Iter

Phase 6.1.1 Update Timing
Phase 6.1.1 Update Timing | Checksum: 2cc7f09f4

Time (s): cpu = 00:03:50 ; elapsed = 00:01:41 . Memory (MB): peak = 7311.859 ; gain = 0.000 ; free physical = 21516 ; free virtual = 49747
INFO: [Route 35-416] Intermediate Timing Summary | WNS=0.220  | TNS=0.000  | WHS=-0.419 | THS=-0.784 |


Phase 6.1.2 Lut RouteThru Assignment for hold
Phase 6.1.2 Lut RouteThru Assignment for hold | Checksum: 215eb5e26

Time (s): cpu = 00:03:50 ; elapsed = 00:01:41 . Memory (MB): peak = 7311.859 ; gain = 0.000 ; free physical = 21491 ; free virtual = 49726
Phase 6.1 Hold Fix Iter | Checksum: 215eb5e26

Time (s): cpu = 00:03:51 ; elapsed = 00:01:42 . Memory (MB): peak = 7311.859 ; gain = 0.000 ; free physical = 21491 ; free virtual = 49726

Phase 6.2 Additional Hold Fix
INFO: [Route 35-416] Intermediate Timing Summary | WNS=0.220  | TNS=0.000  | WHS=-0.419 | THS=-0.784 |

Phase 6.2 Additional Hold Fix | Checksum: 1ea51de5a

Time (s): cpu = 00:03:55 ; elapsed = 00:01:44 . Memory (MB): peak = 7311.859 ; gain = 0.000 ; free physical = 22489 ; free virtual = 50375
 Number of Nodes with overlaps = 0
Phase 6 Post Hold Fix | Checksum: 25e6c2ac5

Time (s): cpu = 00:03:59 ; elapsed = 00:01:46 . Memory (MB): peak = 7311.859 ; gain = 0.000 ; free physical = 22467 ; free virtual = 50353

Phase 7 Route finalize

Router Utilization Summary
  Global Vertical Routing Utilization    = 0.839131 %
  Global Horizontal Routing Utilization  = 0.738342 %
  Routable Net Status*
  *Does not include unroutable nets such as driverless and loadless.
  Run report_route_status for detailed report.
  Number of Failed Nets               = 0
    (Failed Nets is the sum of unrouted and partially routed nets)
  Number of Unrouted Nets             = 0
  Number of Partially Routed Nets     = 0
  Number of Node Overlaps             = 0

Phase 7 Route finalize | Checksum: 1f5a4ed52

Time (s): cpu = 00:04:01 ; elapsed = 00:01:47 . Memory (MB): peak = 7311.859 ; gain = 0.000 ; free physical = 22484 ; free virtual = 50369

Phase 8 Verifying routed nets

 Verification completed successfully
Phase 8 Verifying routed nets | Checksum: 1f5a4ed52

Time (s): cpu = 00:04:01 ; elapsed = 00:01:47 . Memory (MB): peak = 7311.859 ; gain = 0.000 ; free physical = 22478 ; free virtual = 50364

Phase 9 Depositing Routes
Phase 9 Depositing Routes | Checksum: 1f5a4ed52

Time (s): cpu = 00:04:03 ; elapsed = 00:01:48 . Memory (MB): peak = 7311.859 ; gain = 0.000 ; free physical = 22477 ; free virtual = 50362

Phase 10 Post Router Timing

Phase 10.1 Update Timing
Phase 10.1 Update Timing | Checksum: 225564caf

Time (s): cpu = 00:04:06 ; elapsed = 00:01:50 . Memory (MB): peak = 7311.859 ; gain = 0.000 ; free physical = 22489 ; free virtual = 50375
INFO: [Route 35-57] Estimated Timing Summary | WNS=0.220  | TNS=0.000  | WHS=-0.419 | THS=-0.784 |

WARNING: [Route 35-328] Router estimated timing not met.
Resolution: For a complete and accurate timing signoff, report_timing_summary must be run after route_design. Alternatively, route_design can be run with the -timing_summary option to enable a complete timing signoff at the end of route_design.
Phase 10 Post Router Timing | Checksum: 225564caf

Time (s): cpu = 00:04:06 ; elapsed = 00:01:50 . Memory (MB): peak = 7311.859 ; gain = 0.000 ; free physical = 22489 ; free virtual = 50375
Found no candidate nets for laguna hold fix
Time taken to check if laguna hold fix is required (in secs): 0.02
Skip PhysOpt in Router because non-negative WNS value: 2.19639e-10 .
INFO: [Route 35-16] Router Completed Successfully

Time (s): cpu = 00:04:13 ; elapsed = 00:01:51 . Memory (MB): peak = 7311.859 ; gain = 0.000 ; free physical = 22742 ; free virtual = 50628

Routing Is Done.
INFO: [Common 17-83] Releasing license: Implementation
328 Infos, 6 Warnings, 1 Critical Warnings and 0 Errors encountered.
route_design completed successfully
route_design: Time (s): cpu = 00:04:19 ; elapsed = 00:01:52 . Memory (MB): peak = 7311.859 ; gain = 0.000 ; free physical = 22742 ; free virtual = 50628
INFO: [Timing 38-480] Writing timing data to binary archive.
Writing placer database...
Writing XDEF routing.
Writing XDEF routing logical nets.
Writing XDEF routing special nets.
Write XDEF Complete: Time (s): cpu = 00:00:04 ; elapsed = 00:00:01 . Memory (MB): peak = 7311.859 ; gain = 0.000 ; free physical = 22678 ; free virtual = 50623
INFO: [Common 17-1381] The checkpoint '/home/gabber/FUDAN/workspace/0803_SBM/new/BBQ_BM/BBQ_BM.runs/impl_1/top_routed.dcp' has been generated.
INFO: [runtcl-4] Executing : report_drc -file top_drc_routed.rpt -pb top_drc_routed.pb -rpx top_drc_routed.rpx
Command: report_drc -file top_drc_routed.rpt -pb top_drc_routed.pb -rpx top_drc_routed.rpx
INFO: [IP_Flow 19-1839] IP Catalog is up to date.
INFO: [DRC 23-27] Running DRC with 8 threads
INFO: [Coretcl 2-168] The results of DRC are in file /home/gabber/FUDAN/workspace/0803_SBM/new/BBQ_BM/BBQ_BM.runs/impl_1/top_drc_routed.rpt.
report_drc completed successfully
INFO: [runtcl-4] Executing : report_methodology -file top_methodology_drc_routed.rpt -pb top_methodology_drc_routed.pb -rpx top_methodology_drc_routed.rpx
Command: report_methodology -file top_methodology_drc_routed.rpt -pb top_methodology_drc_routed.pb -rpx top_methodology_drc_routed.rpx
INFO: [Timing 38-35] Done setting XDC timing constraints.
INFO: [DRC 23-133] Running Methodology with 8 threads
INFO: [Coretcl 2-1520] The results of Report Methodology are in file /home/gabber/FUDAN/workspace/0803_SBM/new/BBQ_BM/BBQ_BM.runs/impl_1/top_methodology_drc_routed.rpt.
report_methodology completed successfully
INFO: [runtcl-4] Executing : report_power -file top_power_routed.rpt -pb top_power_summary_routed.pb -rpx top_power_routed.rpx
Command: report_power -file top_power_routed.rpt -pb top_power_summary_routed.pb -rpx top_power_routed.rpx
INFO: [Timing 38-35] Done setting XDC timing constraints.
Running Vector-less Activity Propagation...

Finished Running Vector-less Activity Propagation
WARNING: [Power 33-404] DATARATE_xx properties have zero value for HBM Instance bbq_inst/hbm_heap_entries/inst/ONE_STACK.u_hbm_top/ONE_STACK_HBM.hbm_one_stack_intf. Please ensure correct values are entered for DATARATE to do an accurate power analysis.
340 Infos, 7 Warnings, 1 Critical Warnings and 0 Errors encountered.
report_power completed successfully
report_power: Time (s): cpu = 00:00:15 ; elapsed = 00:00:08 . Memory (MB): peak = 7311.859 ; gain = 0.000 ; free physical = 22658 ; free virtual = 50570
INFO: [runtcl-4] Executing : report_route_status -file top_route_status.rpt -pb top_route_status.pb
INFO: [runtcl-4] Executing : report_timing_summary -max_paths 10 -file top_timing_summary_routed.rpt -pb top_timing_summary_routed.pb -rpx top_timing_summary_routed.rpx -warn_on_violation 
INFO: [Timing 38-91] UpdateTimingParams: Speed grade: -2L, Temperature grade: E, Delay Type: min_max.
INFO: [Timing 38-191] Multithreading enabled for timing update using a maximum of 8 CPUs
CRITICAL WARNING: [Timing 38-282] The design failed to meet the timing requirements. Please see the timing summary report for details on the timing violations.
WARNING: [Timing 38-436] There are set_bus_skew constraint(s) in this design. Please run report_bus_skew to ensure that bus skew requirements are met.
INFO: [runtcl-4] Executing : report_incremental_reuse -file top_incremental_reuse_routed.rpt
INFO: [Vivado_Tcl 4-1062] Incremental flow is disabled. No incremental reuse Info to report.
INFO: [runtcl-4] Executing : report_clock_utilization -file top_clock_utilization_routed.rpt
report_clock_utilization: Time (s): cpu = 00:00:08 ; elapsed = 00:00:08 . Memory (MB): peak = 7311.859 ; gain = 0.000 ; free physical = 22621 ; free virtual = 50536
INFO: [runtcl-4] Executing : report_bus_skew -warn_on_violation -file top_bus_skew_routed.rpt -pb top_bus_skew_routed.pb -rpx top_bus_skew_routed.rpx
INFO: [Timing 38-91] UpdateTimingParams: Speed grade: -2L, Temperature grade: E, Delay Type: min_max.
INFO: [Timing 38-191] Multithreading enabled for timing update using a maximum of 8 CPUs
INFO: [Memdata 28-208] The XPM instance: <bbq_inst/hbm_heap_entries/inst/ONE_STACK.u_hbm_top/ONE_STACK_HBM.xpm_memory_spram_inst_0/xpm_memory_base_inst> is part of IP: <bbq_inst/hbm_heap_entries>. This XPM instance will be excluded from the .mmi because updatemem is prohibited from making changes to an XPM that is part of an IP.
Command: write_bitstream -force top.bit
Attempting to get a license for feature 'Implementation' and/or device 'xcu280'
INFO: [Common 17-349] Got license for feature 'Implementation' and/or device 'xcu280'
Running DRC as a precondition to command write_bitstream
INFO: [IP_Flow 19-1839] IP Catalog is up to date.
INFO: [DRC 23-27] Running DRC with 8 threads
WARNING: [DRC PDRC-153] Gated clock check: Net bbq_inst/he_data_s10_reg[16]_i_2_n_0 is a gated clock net sourced by a combinational pin bbq_inst/he_data_s10_reg[16]_i_2/O, cell bbq_inst/he_data_s10_reg[16]_i_2. This is not good design practice and will likely impact performance. For SLICE registers, for example, use the CE pin to control the loading of data.
WARNING: [DRC REQP-1852] BUFGCE_cascade_from_clock_buf: Cascaded clock buffers exist in the design with constant CE pin. This may result in large clock skew and timing violations. Cell BUFGCE bbq_inst/hbm_heap_entries/inst/ONE_STACK.u_HBM_REF_CLK_BUFG_0 I pin is driven by another clock buffer clk_wiz_inst/inst/clkout2_buf.
WARNING: [DRC RTSTAT-10] No routable loads: 54 net(s) have no routable loads. The problem bus(es) and/or net(s) are dbg_hub/inst/BSCANID.u_xsdbm_id/CORE_XSDB.UUT_MASTER/U_ICON_INTERFACE/U_CMD6_RD/U_RD_FIFO/SUBCORE_FIFO.xsdbm_v3_0_0_rdfifo_inst/inst_fifo_gen/gconvfifo.rf/grf.rf/gntv_or_sync_fifo.gl0.rd/gr1.gr1_int.rfwft/aempty_fwft_i, dbg_hub/inst/BSCANID.u_xsdbm_id/CORE_XSDB.UUT_MASTER/U_ICON_INTERFACE/U_CMD7_CTL/ctl_reg[2:0], dbg_hub/inst/BSCANID.u_xsdbm_id/CORE_XSDB.UUT_MASTER/U_ICON_INTERFACE/U_CMD7_CTL/ctl_reg_en_2[1], dbg_hub/inst/BSCANID.u_xsdbm_id/CORE_XSDB.UUT_MASTER/U_ICON_INTERFACE/U_CMD1/ctl_reg_en_2[1], dbg_hub/inst/BSCANID.u_xsdbm_id/SWITCH_N_EXT_BSCAN.bscan_switch/m_bscan_capture[0], dbg_hub/inst/BSCANID.u_xsdbm_id/SWITCH_N_EXT_BSCAN.bscan_switch/m_bscan_drck[0], dbg_hub/inst/BSCANID.u_xsdbm_id/SWITCH_N_EXT_BSCAN.bscan_switch/m_bscan_runtest[0], dbg_hub/inst/BSCANID.u_xsdbm_id/CORE_XSDB.UUT_MASTER/U_ICON_INTERFACE/U_CMD6_RD/U_RD_FIFO/SUBCORE_FIFO.xsdbm_v3_0_0_rdfifo_inst/inst_fifo_gen/gconvfifo.rf/grf.rf/gntv_or_sync_fifo.gl0.wr/gwhf.whf/overflow, dbg_hub/inst/BSCANID.u_xsdbm_id/CORE_XSDB.UUT_MASTER/U_ICON_INTERFACE/U_CMD6_WR/U_WR_FIFO/SUBCORE_FIFO.xsdbm_v3_0_0_wrfifo_inst/inst_fifo_gen/gconvfifo.rf/grf.rf/gntv_or_sync_fifo.gl0.wr/gwhf.whf/overflow, bbq_inst/hbm_free_list/U0/inst_fifo_gen/gconvfifo.rf/grf.rf/gntv_or_sync_fifo.gl0.wr/gwss.wsts/ram_afull_fb, bbq_inst/free_list/U0/inst_fifo_gen/gconvfifo.rf/grf.rf/gntv_or_sync_fifo.gl0.wr/gwss.wsts/ram_afull_fb, bbq_inst/hbm_free_list/U0/inst_fifo_gen/gconvfifo.rf/grf.rf/gntv_or_sync_fifo.gl0.wr/gwss.wsts/ram_afull_i, bbq_inst/free_list/U0/inst_fifo_gen/gconvfifo.rf/grf.rf/gntv_or_sync_fifo.gl0.wr/gwss.wsts/ram_afull_i, dbg_hub/inst/BSCANID.u_xsdbm_id/CORE_XSDB.UUT_MASTER/U_ICON_INTERFACE/U_CMD6_RD/U_RD_FIFO/SUBCORE_FIFO.xsdbm_v3_0_0_rdfifo_inst/inst_fifo_gen/gconvfifo.rf/grf.rf/gntv_or_sync_fifo.gl0.rd/gras.rsts/ram_empty_i, bbq_inst/free_list/U0/inst_fifo_gen/gconvfifo.rf/grf.rf/gntv_or_sync_fifo.gl0.wr/gwss.wsts/ram_full_i... and (the first 15 of 36 listed).
INFO: [Vivado 12-3199] DRC finished with 0 Errors, 3 Warnings
INFO: [Vivado 12-3200] Please refer to the DRC report (report_drc) for more information.
INFO: [Designutils 20-2272] Running write_bitstream with 8 threads.
Loading data files...
Loading site data...
Loading route data...
Processing options...
Creating bitmap...
Creating bitstream...
Writing bitstream ./top.bit...
INFO: [Vivado 12-1842] Bitgen Completed Successfully.
INFO: [Project 1-120] WebTalk data collection is mandatory when using a WebPACK part without a full Vivado license. To see the specific WebTalk data collected for your design, open the usage_statistics_webtalk.html or usage_statistics_webtalk.xml file in the implementation directory.
INFO: [Common 17-83] Releasing license: Implementation
13 Infos, 3 Warnings, 0 Critical Warnings and 0 Errors encountered.
write_bitstream completed successfully
write_bitstream: Time (s): cpu = 00:01:03 ; elapsed = 00:00:51 . Memory (MB): peak = 7311.859 ; gain = 0.000 ; free physical = 22516 ; free virtual = 50513
INFO: [Common 17-206] Exiting Vivado at Tue Sep  9 16:30:18 2025...
